0000  3E 92     MVI A,92h
0002  D3 23     OUT 23h
0004  D3 03     OUT 03h
0006  31 AC 87  LXI SP,87ACh
0009  C3 0C 00  JMP 000Ch
000C  3E C3     MVI A,C3h
000E  32 DA 87  STA 87DAh
0011  32 D0 87  STA 87D0h
0014  C3 D5 00  JMP 00D5h
0017  FF        RST 7
0018  31 F0 87  LXI SP,87F0h
001B  F5        PUSH PSW
001C  C5        PUSH B
001D  C3 44 00  JMP 0044h
0020  C3 3F 00  JMP 003Fh
0023  FF        RST 7
0024  C3 00 10  JMP 1000h
0027  FF        RST 7
0028  FF        RST 7
0029  FF        RST 7
002A  FF        RST 7
002B  FF        RST 7
002C  C3 D6 87  JMP 87D6h
002F  FF        RST 7
0030  C3 9A 01  JMP 019Ah
0033  FF        RST 7
0034  C3 D3 87  JMP 87D3h
0037  FF        RST 7
0038  C3 DA 87  JMP 87DAh
003B  FF        RST 7
003C  C3 D0 87  JMP 87D0h
003F  31 F0 87  LXI SP,87F0h
0042  D5        PUSH D
0043  E5        PUSH H
0044  31 AC 87  LXI SP,87ACh
0047  3E FF     MVI A,FFh
0049  C3 B9 00  JMP 00B9h
004C  2A EC 87  LHLD 87ECh
004F  C3 B0 00  JMP 00B0h
0052  CD 16 02  CALL 0216h
0055  F5        PUSH PSW
0056  3E 91     MVI A,91h
0058  D3 13     OUT 13h
005A  D3 12     OUT 12h
005C  F1        POP PSW
005D  C9        RET
005E  FF        RST 7
005F  FF        RST 7
0060  FF        RST 7
0061  FF        RST 7
0062  FF        RST 7
0063  FF        RST 7
0064  FF        RST 7
0065  FF        RST 7
0066  CD 16 02  CALL 0216h
0069  47        MOV B,A
006A  E6 10     ANI 10h
006C  C2 88 00  JNZ 0088h
006F  CD B5 01  CALL 01B5h
0072  3A D9 87  LDA 87D9h
0075  07        RLC
0076  F6 F1     ORI F1h
0078  32 D9 87  STA 87D9h
007B  3A EC 87  LDA 87ECh
007E  B0        ORA B
007F  32 EC 87  STA 87ECh
0082  CD A1 01  CALL 01A1h
0085  C3 66 00  JMP 0066h
0088  78        MOV A,B
0089  E6 07     ANI 07h
008B  06 00     MVI B,00h
008D  87        ADD A
008E  4F        MOV C,A
008F  21 98 00  LXI H,0098h
0092  09        DAD B
0093  7E        MOV A,M
0094  23        INX H
0095  66        MOV H,M
0096  6F        MOV L,A
0097  E9        PCHL
0098  F0        RP
0099  08        DB 08h
009A  27        DAA
009B  09        DAD B
009C  00        NOP
009D  04        INR B
009E  CD 00 4C  CALL 4C00h
00A1  00        NOP
00A2  A8        XRA B
00A3  00        NOP
00A4  53        MOV D,E
00A5  0A        LDAX B
00A6  88        ADC B
00A7  01 2A EE  LXI B,EE2Ah
00AA  87        ADD A
00AB  3A F7 87  LDA 87F7h
00AE  77        MOV M,A
00AF  23        INX H
00B0  7E        MOV A,M
00B1  22 EE 87  SHLD 87EEh
00B4  32 EC 87  STA 87ECh
00B7  3E F3     MVI A,F3h
00B9  32 D9 87  STA 87D9h
00BC  CD A1 01  CALL 01A1h
00BF  3E F0     MVI A,F0h
00C1  32 D9 87  STA 87D9h
00C4  21 00 00  LXI H,0000h
00C7  22 EC 87  SHLD 87ECh
00CA  C3 66 00  JMP 0066h
00CD  2A EE 87  LHLD 87EEh
00D0  2B        DCX H
00D1  C3 B0 00  JMP 00B0h
00D4  FF        RST 7
00D5  21 0A 08  LXI H,080Ah
00D8  22 D1 87  SHLD 87D1h
00DB  21 01 08  LXI H,0801h
00DE  22 DB 87  SHLD 87DBh
00E1  21 00 80  LXI H,8000h
00E4  22 E0 87  SHLD 87E0h
00E7  21 EC 87  LXI H,87ECh
00EA  06 0C     MVI B,0Ch
00EC  97        SUB A
00ED  77        MOV M,A
00EE  23        INX H
00EF  05        DCR B
00F0  C2 ED 00  JNZ 00EDh
00F3  DB 21     IN 21h
00F5  E6 40     ANI 40h
00F7  C2 00 20  JNZ 2000h
00FA  31 AC 87  LXI SP,87ACh
00FD  21 90 87  LXI H,8790h
0100  22 E2 87  SHLD 87E2h
0103  3E FF     MVI A,FFh
0105  D3 22     OUT 22h
0107  3E 55     MVI A,55h
0109  32 C2 87  STA 87C2h
010C  3E 1B     MVI A,1Bh
010E  30        SIM
010F  21 00 00  LXI H,0000h
0112  22 EE 87  SHLD 87EEh
0115  22 EC 87  SHLD 87ECh
0118  3E C0     MVI A,C0h
011A  30        SIM
011B  3E F0     MVI A,F0h
011D  32 D9 87  STA 87D9h
0120  CD C0 01  CALL 01C0h
0123  FB        EI
0124  C3 66 00  JMP 0066h
0127  FF        RST 7
0128  3E FF     MVI A,FFh
012A  32 D9 87  STA 87D9h
012D  C3 15 09  JMP 0915h
0130  CD 80 03  CALL 0380h
0133  3E 01     MVI A,01h
0135  32 D9 87  STA 87D9h
0138  01 70 01  LXI B,0170h
013B  CD CC 07  CALL 07CCh
013E  3E 08     MVI A,08h
0140  32 FF 87  STA 87FFh
0143  CD 52 00  CALL 0052h
0146  FE 11     CPI 11h
0148  CA 00 82  JZ 8200h
014B  FE 10     CPI 10h
014D  D2 43 01  JNC 0143h
0150  32 F7 87  STA 87F7h
0153  F5        PUSH PSW
0154  CD C0 01  CALL 01C0h
0157  01 70 01  LXI B,0170h
015A  CD CC 07  CALL 07CCh
015D  F1        POP PSW
015E  87        ADD A
015F  11 7C 02  LXI D,027Ch
0162  83        ADD E
0163  5F        MOV E,A
0164  1A        LDAX D
0165  6F        MOV L,A
0166  13        INX D
0167  1A        LDAX D
0168  67        MOV H,A
0169  22 E0 87  SHLD 87E0h
016C  C3 BF 00  JMP 00BFh
016F  FF        RST 7
0170  F1        POP PSW
0171  54        MOV D,H
0172  D0        RNC
0173  48        MOV C,B
0174  00        NOP
0175  00        NOP
0176  00        NOP
0177  00        NOP
0178  F5        PUSH PSW
0179  3E 01     MVI A,01h
017B  CD 10 03  CALL 0310h
017E  F1        POP PSW
017F  C9        RET
0180  FF        RST 7
0181  FF        RST 7
0182  FF        RST 7
0183  FF        RST 7
0184  FF        RST 7
0185  FF        RST 7
0186  FF        RST 7
0187  FF        RST 7
0188  2A EE 87  LHLD 87EEh
018B  22 C0 87  SHLD 87C0h
018E  C3 30 01  JMP 0130h
0191  3E 55     MVI A,55h
0193  32 C2 87  STA 87C2h
0196  FB        EI
0197  C3 BF 00  JMP 00BFh
019A  F5        PUSH PSW
019B  3E AA     MVI A,AAh
019D  C3 4C 08  JMP 084Ch
01A0  FF        RST 7
01A1  21 EC 87  LXI H,87ECh
01A4  11 F7 87  LXI D,87F7h
01A7  06 04     MVI B,04h
01A9  7E        MOV A,M
01AA  12        STAX D
01AB  23        INX H
01AC  1B        DCX D
01AD  05        DCR B
01AE  C2 A9 01  JNZ 01A9h
01B1  C3 C0 01  JMP 01C0h
01B4  00        NOP
01B5  2A EC 87  LHLD 87ECh
01B8  29        DAD H
01B9  29        DAD H
01BA  29        DAD H
01BB  29        DAD H
01BC  22 EC 87  SHLD 87ECh
01BF  C9        RET
01C0  21 F4 87  LXI H,87F4h
01C3  11 F8 87  LXI D,87F8h
01C6  01 CC 02  LXI B,02CCh
01C9  7E        MOV A,M
01CA  2C        INR L
01CB  E5        PUSH H
01CC  F5        PUSH PSW
01CD  0F        RRC
01CE  0F        RRC
01CF  0F        RRC
01D0  0F        RRC
01D1  CD DD 01  CALL 01DDh
01D4  F1        POP PSW
01D5  CD DD 01  CALL 01DDh
01D8  E1        POP H
01D9  C2 C9 01  JNZ 01C9h
01DC  C9        RET
01DD  E6 0F     ANI 0Fh
01DF  6F        MOV L,A
01E0  26 00     MVI H,00h
01E2  09        DAD B
01E3  6E        MOV L,M
01E4  3A D9 87  LDA 87D9h
01E7  07        RLC
01E8  32 D9 87  STA 87D9h
01EB  7D        MOV A,L
01EC  DA F0 01  JC 01F0h
01EF  97        SUB A
01F0  12        STAX D
01F1  1C        INR E
01F2  C9        RET
01F3  2A EE 87  LHLD 87EEh
01F6  22 E0 87  SHLD 87E0h
01F9  C3 76 04  JMP 0476h
01FC  F9        SPHL
01FD  2A E0 87  LHLD 87E0h
0200  E5        PUSH H
0201  2A E4 87  LHLD 87E4h
0204  E5        PUSH H
0205  2A EA 87  LHLD 87EAh
0208  E5        PUSH H
0209  2A E8 87  LHLD 87E8h
020C  4D        MOV C,L
020D  44        MOV B,H
020E  2A E6 87  LHLD 87E6h
0211  EB        XCHG
0212  F1        POP PSW
0213  E1        POP H
0214  FB        EI
0215  C9        RET
0216  CD 23 02  CALL 0223h
0219  47        MOV B,A
021A  3A F3 87  LDA 87F3h
021D  A7        ANA A
021E  CA 16 02  JZ 0216h
0221  78        MOV A,B
0222  C9        RET
0223  CD 47 02  CALL 0247h
0226  3C        INR A
0227  CA 42 02  JZ 0242h
022A  CD EA 02  CALL 02EAh
022D  CD 47 02  CALL 0247h
0230  47        MOV B,A
0231  3C        INR A
0232  CA 42 02  JZ 0242h
0235  3A F3 87  LDA 87F3h
0238  A7        ANA A
0239  C2 2A 02  JNZ 022Ah
023C  3D        DCR A
023D  32 F3 87  STA 87F3h
0240  78        MOV A,B
0241  C9        RET
0242  06 FF     MVI B,FFh
0244  C3 3D 02  JMP 023Dh
0247  16 00     MVI D,00h
0249  42        MOV B,D
024A  3E EF     MVI A,EFh
024C  D3 22     OUT 22h
024E  DB 20     IN 20h
0250  EE FF     XRI FFh
0252  C2 71 02  JNZ 0271h
0255  06 08     MVI B,08h
0257  3E DF     MVI A,DFh
0259  D3 22     OUT 22h
025B  DB 20     IN 20h
025D  EE FF     XRI FFh
025F  C2 71 02  JNZ 0271h
0262  06 10     MVI B,10h
0264  3E BF     MVI A,BFh
0266  D3 22     OUT 22h
0268  DB 20     IN 20h
026A  EE FF     XRI FFh
026C  C2 71 02  JNZ 0271h
026F  3D        DCR A
0270  C9        RET
0271  0F        RRC
0272  DA 79 02  JC 0279h
0275  14        INR D
0276  C3 71 02  JMP 0271h
0279  7A        MOV A,D
027A  B0        ORA B
027B  C9        RET
027C  FF        RST 7
027D  FF        RST 7
027E  30        SIM
027F  0B        DCX B
0280  40        MOV B,B
0281  0E 50     MVI C,50h
0283  0B        DCX B
0284  9B        SBB E
0285  0B        DCX B
0286  ED        DB EDh
0287  0C        INR C
0288  00        NOP
0289  06 40     MVI B,40h
028B  1F        RAR
028C  B6        ORA M
028D  04        INR B
028E  65        MOV H,L
028F  0B        DCX B
0290  33        INX SP
0291  0F        RRC
0292  9C        SBB H
0293  02        STAX B
0294  70        MOV M,B
0295  07        RLC
0296  FF        RST 7
0297  FF        RST 7
0298  60        MOV H,B
0299  16 6A     MVI D,6Ah
029B  17        RAL
029C  21 76 73  LXI H,7376h
029F  CD B5 02  CALL 02B5h
02A2  3E 48     MVI A,48h
02A4  32 FA 87  STA 87FAh
02A7  2A EC 87  LHLD 87ECh
02AA  22 F0 87  SHLD 87F0h
02AD  3E FF     MVI A,FFh
02AF  32 F2 87  STA 87F2h
02B2  C3 BF 00  JMP 00BFh
02B5  F5        PUSH PSW
02B6  D5        PUSH D
02B7  E5        PUSH H
02B8  2A F0 87  LHLD 87F0h
02BB  C3 6D 0A  JMP 0A6Dh
02BE  2A E0 87  LHLD 87E0h
02C1  23        INX H
02C2  C3 52 09  JMP 0952h
02C5  FF        RST 7
02C6  FF        RST 7
02C7  FF        RST 7
02C8  FF        RST 7
02C9  FF        RST 7
02CA  FF        RST 7
02CB  FF        RST 7
02CC  3F        CMC
02CD  06 5B     MVI B,5Bh
02CF  4F        MOV C,A
02D0  66        MOV H,M
02D1  6D        MOV L,L
02D2  7D        MOV A,L
02D3  07        RLC
02D4  7F        MOV A,A
02D5  6F        MOV L,A
02D6  77        MOV M,A
02D7  7C        MOV A,H
02D8  39        DAD SP
02D9  5E        MOV E,M
02DA  79        MOV A,C
02DB  71        MOV M,C
02DC  00        NOP
02DD  16 24     MVI D,24h
02DF  1E 1A     MVI E,1Ah
02E1  1D        DCR E
02E2  C2 E1 02  JNZ 02E1h
02E5  15        DCR D
02E6  C2 DF 02  JNZ 02DFh
02E9  C9        RET
02EA  16 48     MVI D,48h
02EC  C3 DF 02  JMP 02DFh
02EF  16 D8     MVI D,D8h
02F1  C3 DF 02  JMP 02DFh
02F4  01 E8 03  LXI B,03E8h
02F7  CD 60 03  CALL 0360h
02FA  31 AC 87  LXI SP,87ACh
02FD  C3 BF 00  JMP 00BFh
0300  CD 90 03  CALL 0390h
0303  D5        PUSH D
0304  11 01 00  LXI D,0001h
0307  F5        PUSH PSW
0308  3C        INR A
0309  3D        DCR A
030A  C2 20 03  JNZ 0320h
030D  F1        POP PSW
030E  D1        POP D
030F  C9        RET
0310  CD 90 03  CALL 0390h
0313  D5        PUSH D
0314  11 0A 00  LXI D,000Ah
0317  C3 07 03  JMP 0307h
031A  F5        PUSH PSW
031B  7C        MOV A,H
031C  65        MOV H,L
031D  6F        MOV L,A
031E  F1        POP PSW
031F  C9        RET
0320  D5        PUSH D
0321  C5        PUSH B
0322  1B        DCX D
0323  01 33 54  LXI B,5433h
0326  0D        DCR C
0327  C2 26 03  JNZ 0326h
032A  05        DCR B
032B  C2 26 03  JNZ 0326h
032E  47        MOV B,A
032F  97        SUB A
0330  B2        ORA D
0331  B3        ORA E
0332  78        MOV A,B
0333  C2 22 03  JNZ 0322h
0336  C1        POP B
0337  D1        POP D
0338  C3 09 03  JMP 0309h
033B  E3        XTHL
033C  2B        DCX H
033D  2B        DCX H
033E  2B        DCX H
033F  22 EC 87  SHLD 87ECh
0342  3E 0F     MVI A,0Fh
0344  32 D9 87  STA 87D9h
0347  CD A1 01  CALL 01A1h
034A  21 F1 77  LXI H,77F1h
034D  22 F8 87  SHLD 87F8h
0350  21 5E D0  LXI H,D05Eh
0353  22 FA 87  SHLD 87FAh
0356  3E 92     MVI A,92h
0358  D3 23     OUT 23h
035A  31 AC 87  LXI SP,87ACh
035D  C3 BF 00  JMP 00BFh
0360  E5        PUSH H
0361  F5        PUSH PSW
0362  21 F8 87  LXI H,87F8h
0365  0A        LDAX B
0366  77        MOV M,A
0367  03        INX B
0368  2C        INR L
0369  C2 65 03  JNZ 0365h
036C  F1        POP PSW
036D  E1        POP H
036E  C9        RET
036F  00        NOP
0370  D5        PUSH D
0371  57        MOV D,A
0372  97        SUB A
0373  14        INR D
0374  15        DCR D
0375  CA 0E 03  JZ 030Eh
0378  3C        INR A
0379  27        DAA
037A  D2 74 03  JNC 0374h
037D  CD A6 03  CALL 03A6h
0380  C5        PUSH B
0381  01 B8 03  LXI B,03B8h
0384  CD 60 03  CALL 0360h
0387  C1        POP B
0388  C9        RET
0389  FF        RST 7
038A  FF        RST 7
038B  FF        RST 7
038C  FF        RST 7
038D  FF        RST 7
038E  FF        RST 7
038F  FF        RST 7
0390  C6 00     ADI 00h
0392  C8        RZ
0393  C5        PUSH B
0394  47        MOV B,A
0395  27        DAA
0396  A8        XRA B
0397  C4 A6 03  CNZ 03A6h
039A  4F        MOV C,A
039B  0C        INR C
039C  C6 01     ADI 01h
039E  27        DAA
039F  B8        CMP B
03A0  C2 9B 03  JNZ 039Bh
03A3  79        MOV A,C
03A4  C1        POP B
03A5  C9        RET
03A6  E3        XTHL
03A7  2B        DCX H
03A8  2B        DCX H
03A9  2B        DCX H
03AA  22 90 87  SHLD 8790h
03AD  01 E7 03  LXI B,03E7h
03B0  CD 60 03  CALL 0360h
03B3  C3 56 03  JMP 0356h
03B6  FF        RST 7
03B7  D0        RNC
03B8  00        NOP
03B9  00        NOP
03BA  00        NOP
03BB  00        NOP
03BC  00        NOP
03BD  00        NOP
03BE  00        NOP
03BF  00        NOP
03C0  E5        PUSH H
03C1  F5        PUSH PSW
03C2  7C        MOV A,H
03C3  2F        CMA
03C4  67        MOV H,A
03C5  7D        MOV A,L
03C6  2F        CMA
03C7  6F        MOV L,A
03C8  F1        POP PSW
03C9  09        DAD B
03CA  E1        POP H
03CB  C9        RET
03CC  C5        PUSH B
03CD  01 E7 03  LXI B,03E7h
03D0  CD 60 03  CALL 0360h
03D3  C1        POP B
03D4  C9        RET
03D5  22 EE 87  SHLD 87EEh
03D8  3E FF     MVI A,FFh
03DA  32 D9 87  STA 87D9h
03DD  C3 9D 01  JMP 019Dh
03E0  C5        PUSH B
03E1  CD 60 03  CALL 0360h
03E4  C1        POP B
03E5  03        INX B
03E6  C9        RET
03E7  00        NOP
03E8  71        MOV M,C
03E9  79        MOV A,C
03EA  76        HLT
03EB  38        DB 38h
03EC  79        MOV A,C
03ED  50        MOV D,B
03EE  00        NOP
03EF  00        NOP
03F0  D5        PUSH D
03F1  C3 07 03  JMP 0307h
03F4  3E 01     MVI A,01h
03F6  C3 F0 03  JMP 03F0h
03F9  00        NOP
03FA  F5        PUSH PSW
03FB  F5        PUSH PSW
03FC  33        INX SP
03FD  F1        POP PSW
03FE  33        INX SP
03FF  C9        RET
0400  01 B7 03  LXI B,03B7h
0403  CD 60 03  CALL 0360h
0406  CD 16 02  CALL 0216h
0409  FE 10     CPI 10h
040B  F2 46 04  JP 0446h
040E  FE 06     CPI 06h
0410  FA 40 05  JM 0540h
0413  06 00     MVI B,00h
0415  87        ADD A
0416  87        ADD A
0417  4F        MOV C,A
0418  21 36 04  LXI H,0436h
041B  09        DAD B
041C  4E        MOV C,M
041D  E5        PUSH H
041E  21 E0 87  LXI H,87E0h
0421  09        DAD B
0422  7E        MOV A,M
0423  32 F7 87  STA 87F7h
0426  23        INX H
0427  7E        MOV A,M
0428  32 F6 87  STA 87F6h
042B  E1        POP H
042C  23        INX H
042D  7E        MOV A,M
042E  32 D9 87  STA 87D9h
0431  E5        PUSH H
0432  CD C0 01  CALL 01C0h
0435  E1        POP H
0436  23        INX H
0437  7E        MOV A,M
0438  23        INX H
0439  66        MOV H,M
043A  6F        MOV L,A
043B  22 F8 87  SHLD 87F8h
043E  3E 48     MVI A,48h
0440  32 FA 87  STA 87FAh
0443  C3 BF 00  JMP 00BFh
0446  3E 40     MVI A,40h
0448  32 F9 87  STA 87F9h
044B  C3 06 04  JMP 0406h
044E  00        NOP
044F  0F        RRC
0450  73        MOV M,E
0451  39        DAD SP
0452  02        STAX B
0453  0F        RRC
0454  6D        MOV L,L
0455  73        MOV M,E
0456  05        DCR B
0457  03        INX B
0458  00        NOP
0459  76        HLT
045A  04        INR B
045B  03        INX B
045C  00        NOP
045D  38        DB 38h
045E  0B        DCX B
045F  03        INX B
0460  00        NOP
0461  77        MOV M,A
0462  09        DAD B
0463  03        INX B
0464  00        NOP
0465  7C        MOV A,H
0466  08        DB 08h
0467  03        INX B
0468  00        NOP
0469  39        DAD SP
046A  07        RLC
046B  03        INX B
046C  00        NOP
046D  5E        MOV E,M
046E  06 03     MVI B,03h
0470  00        NOP
0471  79        MOV A,C
0472  0A        LDAX B
0473  03        INX B
0474  71        MOV M,C
0475  38        DB 38h
0476  3E FF     MVI A,FFh
0478  32 D9 87  STA 87D9h
047B  2A E2 87  LHLD 87E2h
047E  C3 FC 01  JMP 01FCh
0481  3E F0     MVI A,F0h
0483  32 D9 87  STA 87D9h
0486  31 AC 87  LXI SP,87ACh
0489  C3 66 00  JMP 0066h
048C  FF        RST 7
048D  FF        RST 7
048E  FF        RST 7
048F  FF        RST 7
0490  FF        RST 7
0491  FF        RST 7
0492  FF        RST 7
0493  FF        RST 7
0494  FF        RST 7
0495  FF        RST 7
0496  FF        RST 7
0497  FF        RST 7
0498  FF        RST 7
0499  FF        RST 7
049A  FF        RST 7
049B  FF        RST 7
049C  FF        RST 7
049D  FF        RST 7
049E  FF        RST 7
049F  FF        RST 7
04A0  FF        RST 7
04A1  FF        RST 7
04A2  FF        RST 7
04A3  FF        RST 7
04A4  FF        RST 7
04A5  FF        RST 7
04A6  FF        RST 7
04A7  FF        RST 7
04A8  FF        RST 7
04A9  FF        RST 7
04AA  FF        RST 7
04AB  FF        RST 7
04AC  FF        RST 7
04AD  FF        RST 7
04AE  FF        RST 7
04AF  FF        RST 7
04B0  FF        RST 7
04B1  FF        RST 7
04B2  FF        RST 7
04B3  FF        RST 7
04B4  FF        RST 7
04B5  FF        RST 7
04B6  21 77 77  LXI H,7777h
04B9  CD 07 07  CALL 0707h
04BC  22 AC 87  SHLD 87ACh
04BF  21 00 87  LXI H,8700h
04C2  22 AE 87  SHLD 87AEh
04C5  CD 6B 05  CALL 056Bh
04C8  CD 80 03  CALL 0380h
04CB  CD F1 04  CALL 04F1h
04CE  2A AC 87  LHLD 87ACh
04D1  77        MOV M,A
04D2  FE 03     CPI 03h
04D4  CA B2 0E  JZ 0EB2h
04D7  CD 1F 05  CALL 051Fh
04DA  CD 15 05  CALL 0515h
04DD  23        INX H
04DE  22 AC 87  SHLD 87ACh
04E1  E5        PUSH H
04E2  2A AE 87  LHLD 87AEh
04E5  EB        XCHG
04E6  E1        POP H
04E7  CD BF 06  CALL 06BFh
04EA  DA CB 04  JC 04CBh
04ED  CD 25 05  CALL 0525h
04F0  76        HLT
04F1  C5        PUSH B
04F2  01 00 08  LXI B,0800h
04F5  20        RIM
04F6  17        RAL
04F7  DA F5 04  JC 04F5h
04FA  CD 93 0E  CALL 0E93h
04FD  20        RIM
04FE  17        RAL
04FF  DA F5 04  JC 04F5h
0502  CD 9B 0E  CALL 0E9Bh
0505  20        RIM
0506  E6 80     ANI 80h
0508  07        RLC
0509  81        ADD C
050A  0F        RRC
050B  4F        MOV C,A
050C  05        DCR B
050D  C2 02 05  JNZ 0502h
0510  CD 9B 0E  CALL 0E9Bh
0513  C1        POP B
0514  C9        RET
0515  FE 0D     CPI 0Dh
0517  C0        RNZ
0518  23        INX H
0519  36 0A     MVI M,0Ah
051B  C9        RET
051C  FF        RST 7
051D  FF        RST 7
051E  FF        RST 7
051F  FE 08     CPI 08h
0521  C0        RNZ
0522  2B        DCX H
0523  2B        DCX H
0524  C9        RET
0525  C5        PUSH B
0526  01 DE 06  LXI B,06DEh
0529  CD 60 03  CALL 0360h
052C  3E 05     MVI A,05h
052E  CD 10 03  CALL 0310h
0531  3E 07     MVI A,07h
0533  F5        PUSH PSW
0534  3E 02     MVI A,02h
0536  CD 10 03  CALL 0310h
0539  F1        POP PSW
053A  CD C3 0E  CALL 0EC3h
053D  C1        POP B
053E  C9        RET
053F  FF        RST 7
0540  FE 05     CPI 05h
0542  C2 46 04  JNZ 0446h
0545  3A EA 87  LDA 87EAh
0548  26 D5     MVI H,D5h
054A  11 F8 87  LXI D,87F8h
054D  29        DAD H
054E  EB        XCHG
054F  D2 65 05  JNC 0565h
0552  07        RLC
0553  DA 5B 05  JC 055Bh
0556  36 3F     MVI M,3Fh
0558  C3 5D 05  JMP 055Dh
055B  36 06     MVI M,06h
055D  EB        XCHG
055E  1C        INR E
055F  C2 4D 05  JNZ 054Dh
0562  C3 BF 00  JMP 00BFh
0565  36 00     MVI M,00h
0567  07        RLC
0568  C3 5D 05  JMP 055Dh
056B  C5        PUSH B
056C  D5        PUSH D
056D  E5        PUSH H
056E  DB 21     IN 21h
0570  E6 0C     ANI 0Ch
0572  21 A7 01  LXI H,01A7h
0575  11 D2 00  LXI D,00D2h
0578  FE 00     CPI 00h
057A  CA 99 05  JZ 0599h
057D  21 D2 00  LXI H,00D2h
0580  11 67 00  LXI D,0067h
0583  FE 04     CPI 04h
0585  CA 99 05  JZ 0599h
0588  21 67 00  LXI H,0067h
058B  11 32 00  LXI D,0032h
058E  FE 08     CPI 08h
0590  CA 99 05  JZ 0599h
0593  21 32 00  LXI H,0032h
0596  11 15 00  LXI D,0015h
0599  22 C8 87  SHLD 87C8h
059C  EB        XCHG
059D  22 C6 87  SHLD 87C6h
05A0  E1        POP H
05A1  D1        POP D
05A2  C1        POP B
05A3  C9        RET
05A4  FF        RST 7
05A5  FF        RST 7
05A6  FF        RST 7
05A7  FF        RST 7
05A8  FF        RST 7
05A9  FF        RST 7
05AA  FF        RST 7
05AB  FF        RST 7
05AC  FF        RST 7
05AD  FF        RST 7
05AE  FF        RST 7
05AF  FF        RST 7
05B0  FF        RST 7
05B1  FF        RST 7
05B2  FF        RST 7
05B3  FF        RST 7
05B4  FF        RST 7
05B5  FF        RST 7
05B6  FF        RST 7
05B7  FF        RST 7
05B8  FF        RST 7
05B9  FF        RST 7
05BA  FF        RST 7
05BB  FF        RST 7
05BC  FF        RST 7
05BD  FF        RST 7
05BE  FF        RST 7
05BF  FF        RST 7
05C0  FF        RST 7
05C1  FF        RST 7
05C2  FF        RST 7
05C3  FF        RST 7
05C4  FF        RST 7
05C5  FF        RST 7
05C6  FF        RST 7
05C7  FF        RST 7
05C8  FF        RST 7
05C9  FF        RST 7
05CA  FF        RST 7
05CB  FF        RST 7
05CC  FF        RST 7
05CD  FF        RST 7
05CE  FF        RST 7
05CF  FF        RST 7
05D0  FF        RST 7
05D1  FF        RST 7
05D2  FF        RST 7
05D3  FF        RST 7
05D4  FF        RST 7
05D5  FF        RST 7
05D6  FF        RST 7
05D7  FF        RST 7
05D8  FF        RST 7
05D9  FF        RST 7
05DA  FF        RST 7
05DB  FF        RST 7
05DC  FF        RST 7
05DD  FF        RST 7
05DE  FF        RST 7
05DF  FF        RST 7
05E0  FF        RST 7
05E1  FF        RST 7
05E2  FF        RST 7
05E3  E6 0F     ANI 0Fh
05E5  C6 30     ADI 30h
05E7  FE 3A     CPI 3Ah
05E9  F8        RM
05EA  C6 07     ADI 07h
05EC  C9        RET
05ED  CD B0 06  CALL 06B0h
05F0  CD A7 06  CALL 06A7h
05F3  C9        RET
05F4  7E        MOV A,M
05F5  CD C3 0E  CALL 0EC3h
05F8  CD BF 06  CALL 06BFh
05FB  23        INX H
05FC  DA F4 05  JC 05F4h
05FF  C9        RET
0600  CD 6B 05  CALL 056Bh
0603  01 0D 0A  LXI B,0A0Dh
0606  CD A7 06  CALL 06A7h
0609  21 E6 06  LXI H,06E6h
060C  11 ED 06  LXI D,06EDh
060F  CD F4 05  CALL 05F4h
0612  16 F0     MVI D,F0h
0614  7A        MOV A,D
0615  E6 0F     ANI 0Fh
0617  CD E3 05  CALL 05E3h
061A  CD C3 0E  CALL 0EC3h
061D  01 20 20  LXI B,2020h
0620  CD A7 06  CALL 06A7h
0623  14        INR D
0624  CA 33 06  JZ 0633h
0627  3E F8     MVI A,F8h
0629  BA        CMP D
062A  C2 14 06  JNZ 0614h
062D  CD A7 06  CALL 06A7h
0630  C3 14 06  JMP 0614h
0633  01 0D 0A  LXI B,0A0Dh
0636  CD A7 06  CALL 06A7h
0639  CD C7 06  CALL 06C7h
063C  2A AC 87  LHLD 87ACh
063F  EB        XCHG
0640  2A AE 87  LHLD 87AEh
0643  44        MOV B,H
0644  4D        MOV C,L
0645  62        MOV H,D
0646  7B        MOV A,E
0647  E6 F0     ANI F0h
0649  6F        MOV L,A
064A  C5        PUSH B
064B  3E 0A     MVI A,0Ah
064D  CD C3 0E  CALL 0EC3h
0650  7C        MOV A,H
0651  CD ED 05  CALL 05EDh
0654  7D        MOV A,L
0655  CD ED 05  CALL 05EDh
0658  01 20 20  LXI B,2020h
065B  CD A7 06  CALL 06A7h
065E  78        MOV A,B
065F  CD C3 0E  CALL 0EC3h
0662  7E        MOV A,M
0663  CD B0 06  CALL 06B0h
0666  CD BF 06  CALL 06BFh
0669  D2 6F 06  JNC 066Fh
066C  01 20 20  LXI B,2020h
066F  CD A7 06  CALL 06A7h
0672  3E 20     MVI A,20h
0674  CD C3 0E  CALL 0EC3h
0677  C1        POP B
0678  CD C0 03  CALL 03C0h
067B  D2 9D 06  JNC 069Dh
067E  C5        PUSH B
067F  23        INX H
0680  7D        MOV A,L
0681  E6 0F     ANI 0Fh
0683  C2 8F 06  JNZ 068Fh
0686  01 0D 0A  LXI B,0A0Dh
0689  CD A7 06  CALL 06A7h
068C  C3 50 06  JMP 0650h
068F  E6 07     ANI 07h
0691  C2 62 06  JNZ 0662h
0694  01 20 20  LXI B,2020h
0697  CD A7 06  CALL 06A7h
069A  C3 62 06  JMP 0662h
069D  01 0D 0A  LXI B,0A0Dh
06A0  CD A7 06  CALL 06A7h
06A3  C3 B2 0E  JMP 0EB2h
06A6  FF        RST 7
06A7  78        MOV A,B
06A8  CD C3 0E  CALL 0EC3h
06AB  79        MOV A,C
06AC  CD C3 0E  CALL 0EC3h
06AF  C9        RET
06B0  4F        MOV C,A
06B1  0F        RRC
06B2  0F        RRC
06B3  0F        RRC
06B4  0F        RRC
06B5  CD E3 05  CALL 05E3h
06B8  47        MOV B,A
06B9  79        MOV A,C
06BA  CD E3 05  CALL 05E3h
06BD  4F        MOV C,A
06BE  C9        RET
06BF  C5        PUSH B
06C0  42        MOV B,D
06C1  4B        MOV C,E
06C2  CD C0 03  CALL 03C0h
06C5  C1        POP B
06C6  C9        RET
06C7  21 77 77  LXI H,7777h
06CA  CD 07 07  CALL 0707h
06CD  22 AC 87  SHLD 87ACh
06D0  21 79 77  LXI H,7779h
06D3  CD 07 07  CALL 0707h
06D6  22 AE 87  SHLD 87AEh
06D9  C9        RET
06DA  22 AE 87  SHLD 87AEh
06DD  C9        RET
06DE  6D        MOV L,L
06DF  F3        DI
06E0  40        MOV B,B
06E1  79        MOV A,C
06E2  54        MOV D,H
06E3  5E        MOV E,M
06E4  FC 00 44  CM 4400h
06E7  55        MOV D,L
06E8  4D        MOV C,L
06E9  50        MOV D,B
06EA  20        RIM
06EB  20        RIM
06EC  20        RIM
06ED  20        RIM
06EE  FF        RST 7
06EF  FF        RST 7
06F0  FF        RST 7
06F1  FF        RST 7
06F2  FF        RST 7
06F3  FF        RST 7
06F4  FF        RST 7
06F5  FF        RST 7
06F6  FF        RST 7
06F7  FF        RST 7
06F8  FF        RST 7
06F9  FF        RST 7
06FA  C5        PUSH B
06FB  47        MOV B,A
06FC  7D        MOV A,L
06FD  BB        CMP E
06FE  C2 03 07  JNZ 0703h
0701  7C        MOV A,H
0702  BA        CMP D
0703  78        MOV A,B
0704  C1        POP B
0705  C9        RET
0706  00        NOP
0707  F5        PUSH PSW
0708  D5        PUSH D
0709  E5        PUSH H
070A  21 00 00  LXI H,0000h
070D  22 EC 87  SHLD 87ECh
0710  97        SUB A
0711  32 D9 87  STA 87D9h
0714  CD A1 01  CALL 01A1h
0717  E1        POP H
0718  22 F8 87  SHLD 87F8h
071B  E5        PUSH H
071C  CD 16 02  CALL 0216h
071F  FE 15     CPI 15h
0721  CA 44 07  JZ 0744h
0724  4F        MOV C,A
0725  E6 10     ANI 10h
0727  C2 1C 07  JNZ 071Ch
072A  79        MOV A,C
072B  2A EC 87  LHLD 87ECh
072E  29        DAD H
072F  29        DAD H
0730  29        DAD H
0731  29        DAD H
0732  B5        ORA L
0733  6F        MOV L,A
0734  22 EC 87  SHLD 87ECh
0737  3A D9 87  LDA 87D9h
073A  37        STC
073B  17        RAL
073C  E6 0F     ANI 0Fh
073E  32 D9 87  STA 87D9h
0741  C3 14 07  JMP 0714h
0744  E1        POP H
0745  2A EC 87  LHLD 87ECh
0748  D1        POP D
0749  F1        POP PSW
074A  C9        RET
074B  FF        RST 7
074C  FF        RST 7
074D  FF        RST 7
074E  FF        RST 7
074F  FF        RST 7
0750  FF        RST 7
0751  FF        RST 7
0752  FF        RST 7
0753  FF        RST 7
0754  FF        RST 7
0755  FF        RST 7
0756  FF        RST 7
0757  FF        RST 7
0758  FF        RST 7
0759  FF        RST 7
075A  FF        RST 7
075B  FF        RST 7
075C  FF        RST 7
075D  FF        RST 7
075E  FF        RST 7
075F  FF        RST 7
0760  FF        RST 7
0761  FF        RST 7
0762  FF        RST 7
0763  FF        RST 7
0764  FF        RST 7
0765  FF        RST 7
0766  FF        RST 7
0767  FF        RST 7
0768  FF        RST 7
0769  FF        RST 7
076A  FF        RST 7
076B  FF        RST 7
076C  FF        RST 7
076D  FF        RST 7
076E  FF        RST 7
076F  FF        RST 7
0770  21 77 77  LXI H,7777h
0773  CD 07 07  CALL 0707h
0776  E5        PUSH H
0777  21 79 77  LXI H,7779h
077A  CD 07 07  CALL 0707h
077D  EB        XCHG
077E  21 7C 77  LXI H,777Ch
0781  CD 07 07  CALL 0707h
0784  44        MOV B,H
0785  4D        MOV C,L
0786  E1        POP H
0787  EB        XCHG
0788  CD BF 06  CALL 06BFh
078B  DC CC 03  CC 03CCh
078E  EB        XCHG
078F  00        NOP
0790  00        NOP
0791  CD C0 03  CALL 03C0h
0794  DA A5 07  JC 07A5h
0797  7E        MOV A,M
0798  02        STAX B
0799  CD BF 06  CALL 06BFh
079C  D2 C4 07  JNC 07C4h
079F  00        NOP
07A0  23        INX H
07A1  03        INX B
07A2  C3 97 07  JMP 0797h
07A5  E5        PUSH H
07A6  7D        MOV A,L
07A7  2F        CMA
07A8  C6 01     ADI 01h
07AA  6F        MOV L,A
07AB  7C        MOV A,H
07AC  2F        CMA
07AD  CE 00     ACI 00h
07AF  67        MOV H,A
07B0  19        DAD D
07B1  09        DAD B
07B2  44        MOV B,H
07B3  4D        MOV C,L
07B4  E1        POP H
07B5  EB        XCHG
07B6  7E        MOV A,M
07B7  02        STAX B
07B8  CD FA 06  CALL 06FAh
07BB  CA C4 07  JZ 07C4h
07BE  00        NOP
07BF  2B        DCX H
07C0  0B        DCX B
07C1  C3 B6 07  JMP 07B6h
07C4  3E 05     MVI A,05h
07C6  CD 00 03  CALL 0300h
07C9  C3 B2 0E  JMP 0EB2h
07CC  E5        PUSH H
07CD  C5        PUSH B
07CE  21 F8 87  LXI H,87F8h
07D1  0A        LDAX B
07D2  B6        ORA M
07D3  77        MOV M,A
07D4  03        INX B
07D5  2C        INR L
07D6  C2 D1 07  JNZ 07D1h
07D9  C1        POP B
07DA  E1        POP H
07DB  C9        RET
07DC  FF        RST 7
07DD  FF        RST 7
07DE  FF        RST 7
07DF  FF        RST 7
07E0  FF        RST 7
07E1  FF        RST 7
07E2  FF        RST 7
07E3  FF        RST 7
07E4  FF        RST 7
07E5  FF        RST 7
07E6  FF        RST 7
07E7  FF        RST 7
07E8  FF        RST 7
07E9  FF        RST 7
07EA  FF        RST 7
07EB  FF        RST 7
07EC  FF        RST 7
07ED  FF        RST 7
07EE  FF        RST 7
07EF  FF        RST 7
07F0  FF        RST 7
07F1  FF        RST 7
07F2  FF        RST 7
07F3  FF        RST 7
07F4  FF        RST 7
07F5  FF        RST 7
07F6  FF        RST 7
07F7  FF        RST 7
07F8  FF        RST 7
07F9  FF        RST 7
07FA  FF        RST 7
07FB  FF        RST 7
07FC  F1        POP PSW
07FD  C3 CA 87  JMP 87CAh
0800  F1        POP PSW
0801  F5        PUSH PSW
0802  3E 55     MVI A,55h
0804  32 C3 87  STA 87C3h
0807  C3 4F 08  JMP 084Fh
080A  F5        PUSH PSW
080B  DB 21     IN 21h
080D  E6 20     ANI 20h
080F  C2 FC 07  JNZ 07FCh
0812  3A C2 87  LDA 87C2h
0815  FE 55     CPI 55h
0817  C2 38 08  JNZ 0838h
081A  F1        POP PSW
081B  31 AC 87  LXI SP,87ACh
081E  3E F0     MVI A,F0h
0820  32 D9 87  STA 87D9h
0823  21 00 00  LXI H,0000h
0826  22 EE 87  SHLD 87EEh
0829  CD A1 01  CALL 01A1h
082C  3E 1B     MVI A,1Bh
082E  30        SIM
082F  3E 55     MVI A,55h
0831  32 C2 87  STA 87C2h
0834  FB        EI
0835  C3 66 00  JMP 0066h
0838  FE AB     CPI ABh
083A  CA 45 08  JZ 0845h
083D  FE EE     CPI EEh
083F  CA 00 00  JZ 0000h
0842  C3 00 00  JMP 0000h
0845  3E 75     MVI A,75h
0847  32 C2 87  STA 87C2h
084A  3E 55     MVI A,55h
084C  32 C3 87  STA 87C3h
084F  F1        POP PSW
0850  22 E4 87  SHLD 87E4h
0853  F5        PUSH PSW
0854  E1        POP H
0855  22 EA 87  SHLD 87EAh
0858  E1        POP H
0859  22 E0 87  SHLD 87E0h
085C  21 00 00  LXI H,0000h
085F  39        DAD SP
0860  22 E2 87  SHLD 87E2h
0863  31 EA 87  LXI SP,87EAh
0866  C5        PUSH B
0867  D5        PUSH D
0868  31 AC 87  LXI SP,87ACh
086B  20        RIM
086C  32 DE 87  STA 87DEh
086F  00        NOP
0870  3A C3 87  LDA 87C3h
0873  FE AA     CPI AAh
0875  CA BF 00  JZ 00BFh
0878  2A E0 87  LHLD 87E0h
087B  22 EE 87  SHLD 87EEh
087E  2A EA 87  LHLD 87EAh
0881  22 EC 87  SHLD 87ECh
0884  3E FF     MVI A,FFh
0886  32 D9 87  STA 87D9h
0889  CD A1 01  CALL 01A1h
088C  3A C2 87  LDA 87C2h
088F  FE 75     CPI 75h
0891  C2 99 08  JNZ 0899h
0894  3E 09     MVI A,09h
0896  CD 03 03  CALL 0303h
0899  3E 1B     MVI A,1Bh
089B  30        SIM
089C  C3 91 01  JMP 0191h
089F  00        NOP
08A0  22 E4 87  SHLD 87E4h
08A3  F5        PUSH PSW
08A4  E1        POP H
08A5  22 EA 87  SHLD 87EAh
08A8  21 00 00  LXI H,0000h
08AB  39        DAD SP
08AC  22 E2 87  SHLD 87E2h
08AF  31 EA 87  LXI SP,87EAh
08B2  C5        PUSH B
08B3  D5        PUSH D
08B4  31 AC 87  LXI SP,87ACh
08B7  2A F0 87  LHLD 87F0h
08BA  EB        XCHG
08BB  2A E0 87  LHLD 87E0h
08BE  3A F2 87  LDA 87F2h
08C1  A7        ANA A
08C2  CA DE 08  JZ 08DEh
08C5  7E        MOV A,M
08C6  CD E9 0A  CALL 0AE9h
08C9  CD FA 06  CALL 06FAh
08CC  CA D7 08  JZ 08D7h
08CF  05        DCR B
08D0  CA F0 08  JZ 08F0h
08D3  1B        DCX D
08D4  C3 C9 08  JMP 08C9h
08D7  97        SUB A
08D8  32 F2 87  STA 87F2h
08DB  C3 7B 08  JMP 087Bh
08DE  DB 21     IN 21h
08E0  17        RAL
08E1  DA 7B 08  JC 087Bh
08E4  11 00 20  LXI D,2000h
08E7  CD BF 06  CALL 06BFh
08EA  DA F0 08  JC 08F0h
08ED  C3 7B 08  JMP 087Bh
08F0  F3        DI
08F1  3E EE     MVI A,EEh
08F3  32 C2 87  STA 87C2h
08F6  2A E0 87  LHLD 87E0h
08F9  7E        MOV A,M
08FA  CD E9 0A  CALL 0AE9h
08FD  C3 28 0A  JMP 0A28h
0900  CD 40 09  CALL 0940h
0903  22 E0 87  SHLD 87E0h
0906  3E C3     MVI A,C3h
0908  12        STAX D
0909  13        INX D
090A  21 A0 08  LXI H,08A0h
090D  7D        MOV A,L
090E  12        STAX D
090F  13        INX D
0910  7C        MOV A,H
0911  12        STAX D
0912  3E 0B     MVI A,0Bh
0914  30        SIM
0915  31 E6 87  LXI SP,87E6h
0918  D1        POP D
0919  C1        POP B
091A  F1        POP PSW
091B  2A E2 87  LHLD 87E2h
091E  F9        SPHL
091F  00        NOP
0920  2A E4 87  LHLD 87E4h
0923  FB        EI
0924  C3 B0 87  JMP 87B0h
0927  F3        DI
0928  3E AB     MVI A,ABh
092A  32 C2 87  STA 87C2h
092D  3E C3     MVI A,C3h
092F  32 B0 87  STA 87B0h
0932  2A E0 87  LHLD 87E0h
0935  00        NOP
0936  00        NOP
0937  22 B1 87  SHLD 87B1h
093A  3E 0B     MVI A,0Bh
093C  30        SIM
093D  C3 28 01  JMP 0128h
0940  EB        XCHG
0941  11 B0 87  LXI D,87B0h
0944  7E        MOV A,M
0945  12        STAX D
0946  23        INX H
0947  13        INX D
0948  05        DCR B
0949  C8        RZ
094A  7E        MOV A,M
094B  C3 45 09  JMP 0945h
094E  2A E0 87  LHLD 87E0h
0951  00        NOP
0952  22 E0 87  SHLD 87E0h
0955  C3 B7 08  JMP 08B7h
0958  2A E4 87  LHLD 87E4h
095B  C3 52 09  JMP 0952h
095E  CD 40 09  CALL 0940h
0961  00        NOP
0962  00        NOP
0963  00        NOP
0964  2A B1 87  LHLD 87B1h
0967  22 B6 87  SHLD 87B6h
096A  2A B6 87  LHLD 87B6h
096D  22 E0 87  SHLD 87E0h
0970  C3 B7 08  JMP 08B7h
0973  CD 40 09  CALL 0940h
0976  00        NOP
0977  00        NOP
0978  00        NOP
0979  EB        XCHG
097A  2A E2 87  LHLD 87E2h
097D  2B        DCX H
097E  72        MOV M,D
097F  2B        DCX H
0980  73        MOV M,E
0981  00        NOP
0982  00        NOP
0983  22 E2 87  SHLD 87E2h
0986  C3 64 09  JMP 0964h
0989  2A E2 87  LHLD 87E2h
098C  11 E0 87  LXI D,87E0h
098F  7E        MOV A,M
0990  12        STAX D
0991  23        INX H
0992  13        INX D
0993  7E        MOV A,M
0994  12        STAX D
0995  23        INX H
0996  22 E2 87  SHLD 87E2h
0999  C3 B7 08  JMP 08B7h
099C  CD 40 09  CALL 0940h
099F  22 E0 87  SHLD 87E0h
09A2  2A B1 87  LHLD 87B1h
09A5  22 B6 87  SHLD 87B6h
09A8  21 F8 09  LXI H,09F8h
09AB  22 B1 87  SHLD 87B1h
09AE  3E C3     MVI A,C3h
09B0  12        STAX D
09B1  21 0D 0A  LXI H,0A0Dh
09B4  22 B4 87  SHLD 87B4h
09B7  31 EA 87  LXI SP,87EAh
09BA  F1        POP PSW
09BB  00        NOP
09BC  00        NOP
09BD  00        NOP
09BE  00        NOP
09BF  C3 B0 87  JMP 87B0h
09C2  CD 40 09  CALL 0940h
09C5  22 E0 87  SHLD 87E0h
09C8  2A B1 87  LHLD 87B1h
09CB  22 B6 87  SHLD 87B6h
09CE  21 FF 09  LXI H,09FFh
09D1  22 B1 87  SHLD 87B1h
09D4  3A B0 87  LDA 87B0h
09D7  EE 06     XRI 06h
09D9  32 B0 87  STA 87B0h
09DC  C3 AE 09  JMP 09AEh
09DF  CD 40 09  CALL 0940h
09E2  22 E0 87  SHLD 87E0h
09E5  21 06 0A  LXI H,0A06h
09E8  22 B1 87  SHLD 87B1h
09EB  3A B0 87  LDA 87B0h
09EE  F6 02     ORI 02h
09F0  32 B0 87  STA 87B0h
09F3  13        INX D
09F4  13        INX D
09F5  C3 AE 09  JMP 09AEh
09F8  F5        PUSH PSW
09F9  31 AC 87  LXI SP,87ACh
09FC  C3 6A 09  JMP 096Ah
09FF  F5        PUSH PSW
0A00  31 AC 87  LXI SP,87ACh
0A03  C3 0C 0B  JMP 0B0Ch
0A06  F5        PUSH PSW
0A07  31 AC 87  LXI SP,87ACh
0A0A  C3 89 09  JMP 0989h
0A0D  F5        PUSH PSW
0A0E  31 AC 87  LXI SP,87ACh
0A11  C3 B7 08  JMP 08B7h
0A14  1A        LDAX D
0A15  E6 38     ANI 38h
0A17  13        INX D
0A18  2A E2 87  LHLD 87E2h
0A1B  2B        DCX H
0A1C  72        MOV M,D
0A1D  2B        DCX H
0A1E  73        MOV M,E
0A1F  22 E2 87  SHLD 87E2h
0A22  6F        MOV L,A
0A23  26 00     MVI H,00h
0A25  C3 52 09  JMP 0952h
0A28  11 F6 0A  LXI D,0AF6h
0A2B  79        MOV A,C
0A2C  87        ADD A
0A2D  83        ADD E
0A2E  5F        MOV E,A
0A2F  3E 00     MVI A,00h
0A31  8A        ADC D
0A32  57        MOV D,A
0A33  EB        XCHG
0A34  7E        MOV A,M
0A35  23        INX H
0A36  66        MOV H,M
0A37  6F        MOV L,A
0A38  E9        PCHL
0A39  32 EB 87  STA 87EBh
0A3C  1F        RAR
0A3D  21 00 00  LXI H,0000h
0A40  39        DAD SP
0A41  22 E0 87  SHLD 87E0h
0A44  31 AC 87  LXI SP,87ACh
0A47  17        RAL
0A48  3A EB 87  LDA 87EBh
0A4B  F5        PUSH PSW
0A4C  E1        POP H
0A4D  22 EA 87  SHLD 87EAh
0A50  C3 2F 79  JMP 792Fh
0A53  21 73 39  LXI H,3973h
0A56  CD 67 0A  CALL 0A67h
0A59  3E 48     MVI A,48h
0A5B  32 FA 87  STA 87FAh
0A5E  2A EC 87  LHLD 87ECh
0A61  22 E0 87  SHLD 87E0h
0A64  C3 BF 00  JMP 00BFh
0A67  F5        PUSH PSW
0A68  D5        PUSH D
0A69  E5        PUSH H
0A6A  2A E0 87  LHLD 87E0h
0A6D  22 EC 87  SHLD 87ECh
0A70  3E 0F     MVI A,0Fh
0A72  32 D9 87  STA 87D9h
0A75  CD A1 01  CALL 01A1h
0A78  E1        POP H
0A79  22 F8 87  SHLD 87F8h
0A7C  3E 00     MVI A,00h
0A7E  32 D9 87  STA 87D9h
0A81  E5        PUSH H
0A82  21 00 00  LXI H,0000h
0A85  22 F6 87  SHLD 87F6h
0A88  C3 1C 07  JMP 071Ch
0A8B  79        MOV A,C
0A8C  06 03     MVI B,03h
0A8E  FE C3     CPI C3h
0A90  C8        RZ
0A91  FE CD     CPI CDh
0A93  C8        RZ
0A94  F6 18     ORI 18h
0A96  FE 3A     CPI 3Ah
0A98  C8        RZ
0A99  F6 38     ORI 38h
0A9B  FE FA     CPI FAh
0A9D  C8        RZ
0A9E  FE FC     CPI FCh
0AA0  C8        RZ
0AA1  79        MOV A,C
0AA2  F6 30     ORI 30h
0AA4  FE 31     CPI 31h
0AA6  C8        RZ
0AA7  05        DCR B
0AA8  79        MOV A,C
0AA9  F6 08     ORI 08h
0AAB  FE DB     CPI DBh
0AAD  C8        RZ
0AAE  F6 38     ORI 38h
0AB0  FE FE     CPI FEh
0AB2  C8        RZ
0AB3  FE 3E     CPI 3Eh
0AB5  C8        RZ
0AB6  05        DCR B
0AB7  C9        RET
0AB8  4F        MOV C,A
0AB9  06 01     MVI B,01h
0ABB  FE 76     CPI 76h
0ABD  C8        RZ
0ABE  04        INR B
0ABF  FE E9     CPI E9h
0AC1  C8        RZ
0AC2  04        INR B
0AC3  FE C3     CPI C3h
0AC5  C8        RZ
0AC6  04        INR B
0AC7  FE CD     CPI CDh
0AC9  C8        RZ
0ACA  04        INR B
0ACB  FE C9     CPI C9h
0ACD  C8        RZ
0ACE  04        INR B
0ACF  E6 F7     ANI F7h
0AD1  FE F3     CPI F3h
0AD3  C8        RZ
0AD4  04        INR B
0AD5  E6 C7     ANI C7h
0AD7  FE C2     CPI C2h
0AD9  C8        RZ
0ADA  04        INR B
0ADB  FE C4     CPI C4h
0ADD  C8        RZ
0ADE  04        INR B
0ADF  FE C0     CPI C0h
0AE1  C8        RZ
0AE2  04        INR B
0AE3  FE C7     CPI C7h
0AE5  C8        RZ
0AE6  06 00     MVI B,00h
0AE8  C9        RET
0AE9  F5        PUSH PSW
0AEA  CD B8 0A  CALL 0AB8h
0AED  C5        PUSH B
0AEE  CD 8B 0A  CALL 0A8Bh
0AF1  F1        POP PSW
0AF2  00        NOP
0AF3  4F        MOV C,A
0AF4  F1        POP PSW
0AF5  C9        RET
0AF6  00        NOP
0AF7  09        DAD B
0AF8  4E        MOV C,M
0AF9  09        DAD B
0AFA  58        MOV E,B
0AFB  09        DAD B
0AFC  5E        MOV E,M
0AFD  09        DAD B
0AFE  73        MOV M,E
0AFF  09        DAD B
0B00  89        ADC C
0B01  09        DAD B
0B02  BE        CMP M
0B03  02        STAX B
0B04  9C        SBB H
0B05  09        DAD B
0B06  C2 09 DF  JNZ DF09h
0B09  09        DAD B
0B0A  14        INR D
0B0B  0A        LDAX B
0B0C  2A E0 87  LHLD 87E0h
0B0F  EB        XCHG
0B10  2A E2 87  LHLD 87E2h
0B13  2B        DCX H
0B14  72        MOV M,D
0B15  2B        DCX H
0B16  73        MOV M,E
0B17  22 E2 87  SHLD 87E2h
0B1A  C3 6A 09  JMP 096Ah
0B1D  FF        RST 7
0B1E  FF        RST 7
0B1F  FF        RST 7
0B20  FF        RST 7
0B21  FF        RST 7
0B22  FF        RST 7
0B23  FF        RST 7
0B24  FF        RST 7
0B25  FF        RST 7
0B26  FF        RST 7
0B27  FF        RST 7
0B28  FF        RST 7
0B29  FF        RST 7
0B2A  FF        RST 7
0B2B  FF        RST 7
0B2C  FF        RST 7
0B2D  FF        RST 7
0B2E  FF        RST 7
0B2F  FF        RST 7
0B30  21 B0 00  LXI H,00B0h
0B33  3B        DCX SP
0B34  3B        DCX SP
0B35  E3        XTHL
0B36  2A C0 87  LHLD 87C0h
0B39  E5        PUSH H
0B3A  C1        POP B
0B3B  F6 FF     ORI FFh
0B3D  4F        MOV C,A
0B3E  50        MOV D,B
0B3F  59        MOV E,C
0B40  EB        XCHG
0B41  2B        DCX H
0B42  7E        MOV A,M
0B43  02        STAX B
0B44  2B        DCX H
0B45  0B        DCX B
0B46  CD BF 06  CALL 06BFh
0B49  D2 42 0B  JNC 0B42h
0B4C  EB        XCHG
0B4D  97        SUB A
0B4E  77        MOV M,A
0B4F  C9        RET
0B50  2A C0 87  LHLD 87C0h
0B53  44        MOV B,H
0B54  4D        MOV C,L
0B55  54        MOV D,H
0B56  5D        MOV E,L
0B57  13        INX D
0B58  1A        LDAX D
0B59  02        STAX B
0B5A  03        INX B
0B5B  13        INX D
0B5C  79        MOV A,C
0B5D  FE 00     CPI 00h
0B5F  C2 58 0B  JNZ 0B58h
0B62  C3 B0 00  JMP 00B0h
0B65  CD 6B 05  CALL 056Bh
0B68  CD C7 06  CALL 06C7h
0B6B  2A AE 87  LHLD 87AEh
0B6E  EB        XCHG
0B6F  2A AC 87  LHLD 87ACh
0B72  7E        MOV A,M
0B73  CD C3 0E  CALL 0EC3h
0B76  23        INX H
0B77  CD 30 0E  CALL 0E30h
0B7A  DA B2 0E  JC 0EB2h
0B7D  C3 72 0B  JMP 0B72h
0B80  7C        MOV A,H
0B81  95        SUB L
0B82  6F        MOV L,A
0B83  37        STC
0B84  C3 88 0B  JMP 0B88h
0B87  6C        MOV L,H
0B88  2D        DCR L
0B89  C2 88 0B  JNZ 0B88h
0B8C  3E 00     MVI A,00h
0B8E  3F        CMC
0B8F  17        RAL
0B90  D3 22     OUT 22h
0B92  0F        RRC
0B93  1D        DCR E
0B94  00        NOP
0B95  00        NOP
0B96  00        NOP
0B97  C2 87 0B  JNZ 0B87h
0B9A  C9        RET
0B9B  21 73 D0  LXI H,D073h
0B9E  CD 07 07  CALL 0707h
0BA1  E5        PUSH H
0BA2  21 77 F7  LXI H,F777h
0BA5  CD 07 07  CALL 0707h
0BA8  E5        PUSH H
0BA9  21 79 F7  LXI H,F779h
0BAC  CD 07 07  CALL 0707h
0BAF  EB        XCHG
0BB0  E1        POP H
0BB1  C1        POP B
0BB2  D5        PUSH D
0BB3  E5        PUSH H
0BB4  C5        PUSH B
0BB5  CD 30 0E  CALL 0E30h
0BB8  DA A6 03  JC 03A6h
0BBB  01 20 0E  LXI B,0E20h
0BBE  CD 60 03  CALL 0360h
0BC1  16 39     MVI D,39h
0BC3  1E FE     MVI E,FEh
0BC5  2E 06     MVI L,06h
0BC7  26 69     MVI H,69h
0BC9  CD 80 0B  CALL 0B80h
0BCC  15        DCR D
0BCD  C2 C3 0B  JNZ 0BC3h
0BD0  C1        POP B
0BD1  C5        PUSH B
0BD2  2E 09     MVI L,09h
0BD4  CD 60 0C  CALL 0C60h
0BD7  C1        POP B
0BD8  48        MOV C,B
0BD9  2E 0A     MVI L,0Ah
0BDB  CD 60 0C  CALL 0C60h
0BDE  2E 08     MVI L,08h
0BE0  1E 08     MVI E,08h
0BE2  26 1A     MVI H,1Ah
0BE4  CD 80 0B  CALL 0B80h
0BE7  16 25     MVI D,25h
0BE9  1E FE     MVI E,FEh
0BEB  26 3C     MVI H,3Ch
0BED  2E 06     MVI L,06h
0BEF  CD 80 0B  CALL 0B80h
0BF2  15        DCR D
0BF3  C2 E9 0B  JNZ 0BE9h
0BF6  E1        POP H
0BF7  22 EE 87  SHLD 87EEh
0BFA  4D        MOV C,L
0BFB  E5        PUSH H
0BFC  2E 0B     MVI L,0Bh
0BFE  CD 60 0C  CALL 0C60h
0C01  E1        POP H
0C02  4C        MOV C,H
0C03  2E 0A     MVI L,0Ah
0C05  CD 60 0C  CALL 0C60h
0C08  D1        POP D
0C09  D5        PUSH D
0C0A  4B        MOV C,E
0C0B  2E 0B     MVI L,0Bh
0C0D  CD 60 0C  CALL 0C60h
0C10  D1        POP D
0C11  D5        PUSH D
0C12  4A        MOV C,D
0C13  2E 0B     MVI L,0Bh
0C15  CD 60 0C  CALL 0C60h
0C18  2A EE 87  LHLD 87EEh
0C1B  E5        PUSH H
0C1C  4E        MOV C,M
0C1D  2E 0C     MVI L,0Ch
0C1F  CD 60 0C  CALL 0C60h
0C22  E1        POP H
0C23  D1        POP D
0C24  23        INX H
0C25  CD 30 0E  CALL 0E30h
0C28  DA 34 0C  JC 0C34h
0C2B  D5        PUSH D
0C2C  E5        PUSH H
0C2D  4E        MOV C,M
0C2E  2E 11     MVI L,11h
0C30  00        NOP
0C31  C3 1F 0C  JMP 0C1Fh
0C34  EB        XCHG
0C35  22 EC 87  SHLD 87ECh
0C38  2E 0F     MVI L,0Fh
0C3A  1E 08     MVI E,08h
0C3C  26 1A     MVI H,1Ah
0C3E  02        STAX B
0C3F  CD 80 0B  CALL 0B80h
0C42  16 20     MVI D,20h
0C44  2E 06     MVI L,06h
0C46  1E FE     MVI E,FEh
0C48  26 3C     MVI H,3Ch
0C4A  CD 80 0B  CALL 0B80h
0C4D  2E 07     MVI L,07h
0C4F  15        DCR D
0C50  C2 46 0C  JNZ 0C46h
0C53  3E FF     MVI A,FFh
0C55  32 D9 87  STA 87D9h
0C58  CD A1 01  CALL 01A1h
0C5B  C3 66 00  JMP 0066h
0C5E  FF        RST 7
0C5F  FF        RST 7
0C60  06 09     MVI B,09h
0C62  1E 0C     MVI E,0Ch
0C64  26 20     MVI H,20h
0C66  CD 80 0B  CALL 0B80h
0C69  2E 09     MVI L,09h
0C6B  79        MOV A,C
0C6C  1E 0C     MVI E,0Ch
0C6E  26 20     MVI H,20h
0C70  05        DCR B
0C71  CA 8A 0C  JZ 0C8Ah
0C74  0F        RRC
0C75  00        NOP
0C76  00        NOP
0C77  4F        MOV C,A
0C78  D2 87 0C  JNC 0C87h
0C7B  1E 08     MVI E,08h
0C7D  26 33     MVI H,33h
0C7F  CD 80 0B  CALL 0B80h
0C82  2E 07     MVI L,07h
0C84  C3 6B 0C  JMP 0C6Bh
0C87  C3 7F 0C  JMP 0C7Fh
0C8A  A7        ANA A
0C8B  2E 08     MVI L,08h
0C8D  E2 97 0C  JPO 0C97h
0C90  2E 0A     MVI L,0Ah
0C92  1E 08     MVI E,08h
0C94  09        DAD B
0C95  26 33     MVI H,33h
0C97  CD 80 0B  CALL 0B80h
0C9A  2E 06     MVI L,06h
0C9C  16 02     MVI D,02h
0C9E  00        NOP
0C9F  1E 08     MVI E,08h
0CA1  26 33     MVI H,33h
0CA3  CD 80 0B  CALL 0B80h
0CA6  15        DCR D
0CA7  02        STAX B
0CA8  2E 07     MVI L,07h
0CAA  C2 9F 0C  JNZ 0C9Fh
0CAD  C9        RET
0CAE  FF        RST 7
0CAF  FF        RST 7
0CB0  06 00     MVI B,00h
0CB2  0C        INR C
0CB3  DB 21     IN 21h
0CB5  1F        RAR
0CB6  D2 B2 0C  JNC 0CB2h
0CB9  0C        INR C
0CBA  DB 21     IN 21h
0CBC  1F        RAR
0CBD  DA B9 0C  JC 0CB9h
0CC0  09        DAD B
0CC1  79        MOV A,C
0CC2  82        ADD D
0CC3  83        ADD E
0CC4  53        MOV D,E
0CC5  59        MOV E,C
0CC6  FE 7F     CPI 7Fh
0CC8  C9        RET
0CC9  F5        PUSH PSW
0CCA  3E 02     MVI A,02h
0CCC  CD 10 03  CALL 0310h
0CCF  F1        POP PSW
0CD0  C9        RET
0CD1  02        STAX B
0CD2  02        STAX B
0CD3  02        STAX B
0CD4  11 2D 2D  LXI D,2D2Dh
0CD7  CD B0 0C  CALL 0CB0h
0CDA  0E 03     MVI C,03h
0CDC  02        STAX B
0CDD  D2 D7 0C  JNC 0CD7h
0CE0  C9        RET
0CE1  11 00 00  LXI D,0000h
0CE4  CD B0 0C  CALL 0CB0h
0CE7  FE 4F     CPI 4Fh
0CE9  C9        RET
0CEA  FF        RST 7
0CEB  FF        RST 7
0CEC  FF        RST 7
0CED  21 73 D0  LXI H,D073h
0CF0  CD 07 07  CALL 0707h
0CF3  E5        PUSH H
0CF4  01 28 0E  LXI B,0E28h
0CF7  CD 60 03  CALL 0360h
0CFA  00        NOP
0CFB  00        NOP
0CFC  00        NOP
0CFD  0E 04     MVI C,04h
0CFF  21 D0 07  LXI H,07D0h
0D02  E5        PUSH H
0D03  CD E1 0C  CALL 0CE1h
0D06  E1        POP H
0D07  0E 05     MVI C,05h
0D09  DA FF 0C  JC 0CFFh
0D0C  2B        DCX H
0D0D  7C        MOV A,H
0D0E  B5        ORA L
0D0F  0E 06     MVI C,06h
0D11  C2 02 0D  JNZ 0D02h
0D14  0E 06     MVI C,06h
0D16  CD E1 0C  CALL 0CE1h
0D19  0E 04     MVI C,04h
0D1B  D2 16 0D  JNC 0D16h
0D1E  0E 07     MVI C,07h
0D20  CD B2 0D  CALL 0DB2h
0D23  6F        MOV L,A
0D24  E5        PUSH H
0D25  00        NOP
0D26  00        NOP
0D27  00        NOP
0D28  02        STAX B
0D29  09        DAD B
0D2A  0E 09     MVI C,09h
0D2C  CD B2 0D  CALL 0DB2h
0D2F  E1        POP H
0D30  67        MOV H,A
0D31  22 EC 87  SHLD 87ECh
0D34  EB        XCHG
0D35  00        NOP
0D36  D5        PUSH D
0D37  CD A1 01  CALL 01A1h
0D3A  CD C9 0C  CALL 0CC9h
0D3D  D1        POP D
0D3E  E1        POP H
0D3F  E5        PUSH H
0D40  CD 30 0E  CALL 0E30h
0D43  C2 F4 0C  JNZ 0CF4h
0D46  E1        POP H
0D47  21 38 77  LXI H,7738h
0D4A  22 F8 87  SHLD 87F8h
0D4D  21 5E 79  LXI H,795Eh
0D50  22 FA 87  SHLD 87FAh
0D53  CD B0 0C  CALL 0CB0h
0D56  0E 04     MVI C,04h
0D58  CD D1 0C  CALL 0CD1h
0D5B  0E 08     MVI C,08h
0D5D  CD B2 0D  CALL 0DB2h
0D60  6F        MOV L,A
0D61  E5        PUSH H
0D62  00        NOP
0D63  02        STAX B
0D64  09        DAD B
0D65  02        STAX B
0D66  0E 09     MVI C,09h
0D68  CD B2 0D  CALL 0DB2h
0D6B  E1        POP H
0D6C  67        MOV H,A
0D6D  E5        PUSH H
0D6E  22 EE 87  SHLD 87EEh
0D71  00        NOP
0D72  00        NOP
0D73  09        DAD B
0D74  09        DAD B
0D75  00        NOP
0D76  0E 0B     MVI C,0Bh
0D78  CD B2 0D  CALL 0DB2h
0D7B  5F        MOV E,A
0D7C  D5        PUSH D
0D7D  0E 09     MVI C,09h
0D7F  09        DAD B
0D80  09        DAD B
0D81  09        DAD B
0D82  CD B2 0D  CALL 0DB2h
0D85  D1        POP D
0D86  57        MOV D,A
0D87  D5        PUSH D
0D88  EB        XCHG
0D89  22 EC 87  SHLD 87ECh
0D8C  0E 0C     MVI C,0Ch
0D8E  D1        POP D
0D8F  E1        POP H
0D90  13        INX D
0D91  CD 30 0E  CALL 0E30h
0D94  CA A7 0D  JZ 0DA7h
0D97  D5        PUSH D
0D98  E5        PUSH H
0D99  09        DAD B
0D9A  09        DAD B
0D9B  CD B2 0D  CALL 0DB2h
0D9E  E1        POP H
0D9F  77        MOV M,A
0DA0  23        INX H
0DA1  D1        POP D
0DA2  0E 09     MVI C,09h
0DA4  C3 91 0D  JMP 0D91h
0DA7  3E FF     MVI A,FFh
0DA9  32 D9 87  STA 87D9h
0DAC  CD A1 01  CALL 01A1h
0DAF  C3 66 00  JMP 0066h
0DB2  11 23 23  LXI D,2323h
0DB5  21 3C 01  LXI H,013Ch
0DB8  22 C4 87  SHLD 87C4h
0DBB  21 00 00  LXI H,0000h
0DBE  06 09     MVI B,09h
0DC0  C5        PUSH B
0DC1  F5        PUSH PSW
0DC2  F1        POP PSW
0DC3  CD B0 0C  CALL 0CB0h
0DC6  F5        PUSH PSW
0DC7  D5        PUSH D
0DC8  EB        XCHG
0DC9  29        DAD H
0DCA  2A C4 87  LHLD 87C4h
0DCD  CD 30 0E  CALL 0E30h
0DD0  EB        XCHG
0DD1  D1        POP D
0DD2  0E 09     MVI C,09h
0DD4  DA C2 0D  JC 0DC2h
0DD7  F1        POP PSW
0DD8  3F        CMC
0DD9  C1        POP B
0DDA  F5        PUSH PSW
0DDB  05        DCR B
0DDC  CA F6 0D  JZ 0DF6h
0DDF  F1        POP PSW
0DE0  79        MOV A,C
0DE1  1F        RAR
0DE2  4F        MOV C,A
0DE3  C5        PUSH B
0DE4  E5        PUSH H
0DE5  01 DA 00  LXI B,00DAh
0DE8  09        DAD B
0DE9  2A C4 87  LHLD 87C4h
0DEC  09        DAD B
0DED  22 C4 87  SHLD 87C4h
0DF0  E1        POP H
0DF1  0E 10     MVI C,10h
0DF3  C3 C3 0D  JMP 0DC3h
0DF6  F1        POP PSW
0DF7  79        MOV A,C
0DF8  D2 02 0E  JNC 0E02h
0DFB  A7        ANA A
0DFC  EA 06 0E  JPE 0E06h
0DFF  C3 A6 03  JMP 03A6h
0E02  A7        ANA A
0E03  EA FF 0D  JPE 0DFFh
0E06  0E 0D     MVI C,0Dh
0E08  F5        PUSH PSW
0E09  CD B0 0C  CALL 0CB0h
0E0C  0E 03     MVI C,03h
0E0E  DA 09 0E  JC 0E09h
0E11  11 2D 2D  LXI D,2D2Dh
0E14  0E 03     MVI C,03h
0E16  CD B0 0C  CALL 0CB0h
0E19  0E 02     MVI C,02h
0E1B  D2 16 0E  JNC 0E16h
0E1E  F1        POP PSW
0E1F  C9        RET
0E20  80        ADD B
0E21  80        ADD B
0E22  80        ADD B
0E23  80        ADD B
0E24  80        ADD B
0E25  80        ADD B
0E26  80        ADD B
0E27  80        ADD B
0E28  6D        MOV L,L
0E29  1C        INR E
0E2A  58        MOV E,B
0E2B  74        MOV M,H
0E2C  79        MOV A,C
0E2D  00        NOP
0E2E  00        NOP
0E2F  00        NOP
0E30  7A        MOV A,D
0E31  BC        CMP H
0E32  DA 3B 0E  JC 0E3Bh
0E35  C2 3E 0E  JNZ 0E3Eh
0E38  7B        MOV A,E
0E39  BD        CMP L
0E3A  C9        RET
0E3B  0B        DCX B
0E3C  2B        DCX H
0E3D  C9        RET
0E3E  7A        MOV A,D
0E3F  C9        RET
0E40  CD 36 0B  CALL 0B36h
0E43  2A C0 87  LHLD 87C0h
0E46  23        INX H
0E47  7D        MOV A,L
0E48  FE 00     CPI 00h
0E4A  CA 8D 0E  JZ 0E8Dh
0E4D  7E        MOV A,M
0E4E  CD E9 0A  CALL 0AE9h
0E51  79        MOV A,C
0E52  E6 03     ANI 03h
0E54  FE 03     CPI 03h
0E56  CA 64 0E  JZ 0E64h
0E59  79        MOV A,C
0E5A  FE 08     CPI 08h
0E5C  CA 64 0E  JZ 0E64h
0E5F  FE 04     CPI 04h
0E61  C2 80 0E  JNZ 0E80h
0E64  23        INX H
0E65  5E        MOV E,M
0E66  23        INX H
0E67  56        MOV D,M
0E68  E5        PUSH H
0E69  2A C0 87  LHLD 87C0h
0E6C  CD BF 06  CALL 06BFh
0E6F  D2 87 0E  JNC 0E87h
0E72  2E FF     MVI L,FFh
0E74  CD BF 06  CALL 06BFh
0E77  DA 87 0E  JC 0E87h
0E7A  E1        POP H
0E7B  13        INX D
0E7C  72        MOV M,D
0E7D  2B        DCX H
0E7E  73        MOV M,E
0E7F  2B        DCX H
0E80  48        MOV C,B
0E81  06 00     MVI B,00h
0E83  09        DAD B
0E84  C3 47 0E  JMP 0E47h
0E87  E1        POP H
0E88  2B        DCX H
0E89  2B        DCX H
0E8A  C3 80 0E  JMP 0E80h
0E8D  2A C0 87  LHLD 87C0h
0E90  C3 B0 00  JMP 00B0h
0E93  F5        PUSH PSW
0E94  E5        PUSH H
0E95  2A C6 87  LHLD 87C6h
0E98  C3 A0 0E  JMP 0EA0h
0E9B  F5        PUSH PSW
0E9C  E5        PUSH H
0E9D  2A C8 87  LHLD 87C8h
0EA0  2B        DCX H
0EA1  7D        MOV A,L
0EA2  B4        ORA H
0EA3  C2 A0 0E  JNZ 0EA0h
0EA6  E1        POP H
0EA7  F1        POP PSW
0EA8  C9        RET
0EA9  F5        PUSH PSW
0EAA  E5        PUSH H
0EAB  2A C8 87  LHLD 87C8h
0EAE  29        DAD H
0EAF  C3 A0 0E  JMP 0EA0h
0EB2  01 BB 0E  LXI B,0EBBh
0EB5  CD 60 03  CALL 0360h
0EB8  C3 BF 00  JMP 00BFh
0EBB  00        NOP
0EBC  00        NOP
0EBD  79        MOV A,C
0EBE  54        MOV D,H
0EBF  5E        MOV E,M
0EC0  79        MOV A,C
0EC1  00        NOP
0EC2  00        NOP
0EC3  D5        PUSH D
0EC4  C5        PUSH B
0EC5  F5        PUSH PSW
0EC6  DB 21     IN 21h
0EC8  E6 10     ANI 10h
0ECA  CA F7 0E  JZ 0EF7h
0ECD  F1        POP PSW
0ECE  11 08 60  LXI D,6008h
0ED1  4F        MOV C,A
0ED2  AF        XRA A
0ED3  B2        ORA D
0ED4  30        SIM
0ED5  CD 9B 0E  CALL 0E9Bh
0ED8  79        MOV A,C
0ED9  0F        RRC
0EDA  4F        MOV C,A
0EDB  E6 80     ANI 80h
0EDD  B2        ORA D
0EDE  30        SIM
0EDF  CD 9B 0E  CALL 0E9Bh
0EE2  1D        DCR E
0EE3  C2 D8 0E  JNZ 0ED8h
0EE6  7A        MOV A,D
0EE7  F6 80     ORI 80h
0EE9  30        SIM
0EEA  CD A9 0E  CALL 0EA9h
0EED  DB 21     IN 21h
0EEF  E6 20     ANI 20h
0EF1  C3 4F 0F  JMP 0F4Fh
0EF4  C1        POP B
0EF5  D1        POP D
0EF6  C9        RET
0EF7  3E 91     MVI A,91h
0EF9  00        NOP
0EFA  00        NOP
0EFB  D3 12     OUT 12h
0EFD  F1        POP PSW
0EFE  D3 11     OUT 11h
0F00  97        SUB A
0F01  D3 12     OUT 12h
0F03  3E 10     MVI A,10h
0F05  D3 12     OUT 12h
0F07  E5        PUSH H
0F08  26 05     MVI H,05h
0F0A  01 FE FF  LXI B,FFFEh
0F0D  DB 12     IN 12h
0F0F  E6 01     ANI 01h
0F11  CA 2F 0F  JZ 0F2Fh
0F14  0B        DCX B
0F15  78        MOV A,B
0F16  B1        ORA C
0F17  C2 0D 0F  JNZ 0F0Dh
0F1A  25        DCR H
0F1B  C2 0A 0F  JNZ 0F0Ah
0F1E  01 27 0F  LXI B,0F27h
0F21  CD 60 03  CALL 0360h
0F24  C3 BF 00  JMP 00BFh
0F27  00        NOP
0F28  00        NOP
0F29  7C        MOV A,H
0F2A  3E 6D     MVI A,6Dh
0F2C  6E        MOV L,M
0F2D  00        NOP
0F2E  00        NOP
0F2F  E1        POP H
0F30  C3 F4 0E  JMP 0EF4h
0F33  CD C7 06  CALL 06C7h
0F36  21 39 DC  LXI H,DC39h
0F39  CD 07 07  CALL 0707h
0F3C  45        MOV B,L
0F3D  2A AE 87  LHLD 87AEh
0F40  EB        XCHG
0F41  2A AC 87  LHLD 87ACh
0F44  70        MOV M,B
0F45  23        INX H
0F46  CD 30 0E  CALL 0E30h
0F49  D2 44 0F  JNC 0F44h
0F4C  C3 B2 0E  JMP 0EB2h
0F4F  C2 F4 0E  JNZ 0EF4h
0F52  CD 58 0F  CALL 0F58h
0F55  C3 F4 0E  JMP 0EF4h
0F58  3E 9B     MVI A,9Bh
0F5A  D3 13     OUT 13h
0F5C  DB 11     IN 11h
0F5E  E6 01     ANI 01h
0F60  CA 5C 0F  JZ 0F5Ch
0F63  C9        RET
0F64  FF        RST 7
0F65  FF        RST 7
0F66  FF        RST 7
0F67  FF        RST 7
0F68  FF        RST 7
0F69  FF        RST 7
0F6A  FF        RST 7
0F6B  FF        RST 7
0F6C  FF        RST 7
0F6D  FF        RST 7
0F6E  FF        RST 7
0F6F  FF        RST 7
0F70  FF        RST 7
0F71  FF        RST 7
0F72  FF        RST 7
0F73  FF        RST 7
0F74  FF        RST 7
0F75  FF        RST 7
0F76  FF        RST 7
0F77  FF        RST 7
0F78  FF        RST 7
0F79  FF        RST 7
0F7A  FF        RST 7
0F7B  FF        RST 7
0F7C  FF        RST 7
0F7D  FF        RST 7
0F7E  FF        RST 7
0F7F  FF        RST 7
0F80  FF        RST 7
0F81  FF        RST 7
0F82  FF        RST 7
0F83  FF        RST 7
0F84  FF        RST 7
0F85  FF        RST 7
0F86  FF        RST 7
0F87  FF        RST 7
0F88  FF        RST 7
0F89  FF        RST 7
0F8A  FF        RST 7
0F8B  FF        RST 7
0F8C  FF        RST 7
0F8D  FF        RST 7
0F8E  FF        RST 7
0F8F  FF        RST 7
0F90  FF        RST 7
0F91  FF        RST 7
0F92  FF        RST 7
0F93  FF        RST 7
0F94  FF        RST 7
0F95  FF        RST 7
0F96  FF        RST 7
0F97  FF        RST 7
0F98  FF        RST 7
0F99  FF        RST 7
0F9A  FF        RST 7
0F9B  FF        RST 7
0F9C  FF        RST 7
0F9D  FF        RST 7
0F9E  FF        RST 7
0F9F  FF        RST 7
0FA0  FF        RST 7
0FA1  FF        RST 7
0FA2  FF        RST 7
0FA3  FF        RST 7
0FA4  FF        RST 7
0FA5  FF        RST 7
0FA6  FF        RST 7
0FA7  FF        RST 7
0FA8  FF        RST 7
0FA9  FF        RST 7
0FAA  FF        RST 7
0FAB  FF        RST 7
0FAC  FF        RST 7
0FAD  FF        RST 7
0FAE  FF        RST 7
0FAF  FF        RST 7
0FB0  FF        RST 7
0FB1  FF        RST 7
0FB2  FF        RST 7
0FB3  FF        RST 7
0FB4  FF        RST 7
0FB5  FF        RST 7
0FB6  FF        RST 7
0FB7  FF        RST 7
0FB8  FF        RST 7
0FB9  FF        RST 7
0FBA  FF        RST 7
0FBB  FF        RST 7
0FBC  FF        RST 7
0FBD  FF        RST 7
0FBE  FF        RST 7
0FBF  FF        RST 7
0FC0  FF        RST 7
0FC1  FF        RST 7
0FC2  FF        RST 7
0FC3  FF        RST 7
0FC4  FF        RST 7
0FC5  FF        RST 7
0FC6  FF        RST 7
0FC7  FF        RST 7
0FC8  FF        RST 7
0FC9  FF        RST 7
0FCA  FF        RST 7
0FCB  FF        RST 7
0FCC  FF        RST 7
0FCD  FF        RST 7
0FCE  FF        RST 7
0FCF  FF        RST 7
0FD0  FF        RST 7
0FD1  FF        RST 7
0FD2  FF        RST 7
0FD3  FF        RST 7
0FD4  FF        RST 7
0FD5  FF        RST 7
0FD6  FF        RST 7
0FD7  FF        RST 7
0FD8  FF        RST 7
0FD9  FF        RST 7
0FDA  FF        RST 7
0FDB  FF        RST 7
0FDC  FF        RST 7
0FDD  FF        RST 7
0FDE  FF        RST 7
0FDF  FF        RST 7
0FE0  FF        RST 7
0FE1  FF        RST 7
0FE2  FF        RST 7
0FE3  FF        RST 7
0FE4  FF        RST 7
0FE5  FF        RST 7
0FE6  FF        RST 7
0FE7  FF        RST 7
0FE8  FF        RST 7
0FE9  FF        RST 7
0FEA  FF        RST 7
0FEB  FF        RST 7
0FEC  FF        RST 7
0FED  FF        RST 7
0FEE  FF        RST 7
0FEF  FF        RST 7
0FF0  FF        RST 7
0FF1  FF        RST 7
0FF2  FF        RST 7
0FF3  FF        RST 7
0FF4  FF        RST 7
0FF5  FF        RST 7
0FF6  FF        RST 7
0FF7  FF        RST 7
0FF8  FF        RST 7
0FF9  FF        RST 7
0FFA  FF        RST 7
0FFB  FF        RST 7
0FFC  FF        RST 7
0FFD  FF        RST 7
0FFE  FF        RST 7
0FFF  FF        RST 7
1000  C3 20 14  JMP 1420h
1003  00        NOP
1004  3E C0     MVI A,C0h
1006  30        SIM
1007  3E C3     MVI A,C3h
1009  32 D0 87  STA 87D0h
100C  31 AC 87  LXI SP,87ACh
100F  3E 80     MVI A,80h
1011  30        SIM
1012  DB 21     IN 21h
1014  E6 FC     ANI FCh
1016  FE 64     CPI 64h
1018  D2 04 10  JNC 1004h
101B  26 10     MVI H,10h
101D  C6 21     ADI 21h
101F  6F        MOV L,A
1020  E9        PCHL
1021  21 88 10  LXI H,1088h
1024  E9        PCHL
1025  21 C1 10  LXI H,10C1h
1028  E9        PCHL
1029  21 F9 10  LXI H,10F9h
102C  E9        PCHL
102D  21 11 11  LXI H,1111h
1030  E9        PCHL
1031  21 2C 11  LXI H,112Ch
1034  E9        PCHL
1035  21 37 11  LXI H,1137h
1038  E9        PCHL
1039  21 59 11  LXI H,1159h
103C  E9        PCHL
103D  21 72 11  LXI H,1172h
1040  E9        PCHL
1041  21 E7 10  LXI H,10E7h
1044  E9        PCHL
1045  21 F0 10  LXI H,10F0h
1048  E9        PCHL
1049  21 C7 11  LXI H,11C7h
104C  E9        PCHL
104D  21 E2 11  LXI H,11E2h
1050  E9        PCHL
1051  21 F1 11  LXI H,11F1h
1054  E9        PCHL
1055  21 20 12  LXI H,1220h
1058  E9        PCHL
1059  21 4F 12  LXI H,124Fh
105C  E9        PCHL
105D  21 66 12  LXI H,1266h
1060  E9        PCHL
1061  21 7A 12  LXI H,127Ah
1064  E9        PCHL
1065  21 AD 12  LXI H,12ADh
1068  E9        PCHL
1069  21 68 13  LXI H,1368h
106C  E9        PCHL
106D  21 7A 13  LXI H,137Ah
1070  E9        PCHL
1071  21 8C 13  LXI H,138Ch
1074  E9        PCHL
1075  21 9E 13  LXI H,139Eh
1078  E9        PCHL
1079  21 C1 13  LXI H,13C1h
107C  E9        PCHL
107D  21 10 15  LXI H,1510h
1080  E9        PCHL
1081  21 B0 15  LXI H,15B0h
1084  E9        PCHL
1085  C3 CD 87  JMP 87CDh
1088  97        SUB A
1089  6F        MOV L,A
108A  67        MOV H,A
108B  7E        MOV A,M
108C  23        INX H
108D  86        ADD M
108E  47        MOV B,A
108F  7C        MOV A,H
1090  FE 1F     CPI 1Fh
1092  78        MOV A,B
1093  C2 8C 10  JNZ 108Ch
1096  7D        MOV A,L
1097  FE FE     CPI FEh
1099  78        MOV A,B
109A  C2 8C 10  JNZ 108Ch
109D  23        INX H
109E  78        MOV A,B
109F  BE        CMP M
10A0  C2 04 10  JNZ 1004h
10A3  16 02     MVI D,02h
10A5  3E 40     MVI A,40h
10A7  30        SIM
10A8  26 02     MVI H,02h
10AA  01 FE FF  LXI B,FFFEh
10AD  0B        DCX B
10AE  78        MOV A,B
10AF  B1        ORA C
10B0  C2 AD 10  JNZ 10ADh
10B3  25        DCR H
10B4  C2 AA 10  JNZ 10AAh
10B7  3E C0     MVI A,C0h
10B9  30        SIM
10BA  15        DCR D
10BB  C2 A8 10  JNZ 10A8h
10BE  C3 04 10  JMP 1004h
10C1  01 00 80  LXI B,8000h
10C4  11 FF 87  LXI D,87FFh
10C7  0A        LDAX B
10C8  2F        CMA
10C9  67        MOV H,A
10CA  02        STAX B
10CB  0A        LDAX B
10CC  BC        CMP H
10CD  C2 04 10  JNZ 1004h
10D0  2F        CMA
10D1  67        MOV H,A
10D2  02        STAX B
10D3  0A        LDAX B
10D4  BC        CMP H
10D5  C2 04 10  JNZ 1004h
10D8  03        INX B
10D9  78        MOV A,B
10DA  2F        CMA
10DB  67        MOV H,A
10DC  79        MOV A,C
10DD  2F        CMA
10DE  6F        MOV L,A
10DF  23        INX H
10E0  19        DAD D
10E1  DA C7 10  JC 10C7h
10E4  C3 A3 10  JMP 10A3h
10E7  01 00 70  LXI B,7000h
10EA  11 FF 77  LXI D,77FFh
10ED  C3 C7 10  JMP 10C7h
10F0  01 00 78  LXI B,7800h
10F3  11 FF 7F  LXI D,7FFFh
10F6  C3 C7 10  JMP 10C7h
10F9  97        SUB A
10FA  D3 20     OUT 20h
10FC  D3 22     OUT 22h
10FE  3E 02     MVI A,02h
1100  CD 10 03  CALL 0310h
1103  3E FF     MVI A,FFh
1105  D3 20     OUT 20h
1107  D3 22     OUT 22h
1109  3E 02     MVI A,02h
110B  CD 10 03  CALL 0310h
110E  C3 04 10  JMP 1004h
1111  3E 80     MVI A,80h
1113  D3 03     OUT 03h
1115  97        SUB A
1116  D3 00     OUT 00h
1118  D3 01     OUT 01h
111A  D3 02     OUT 02h
111C  3E 02     MVI A,02h
111E  CD 10 03  CALL 0310h
1121  3E FF     MVI A,FFh
1123  D3 00     OUT 00h
1125  D3 01     OUT 01h
1127  D3 02     OUT 02h
1129  C3 09 11  JMP 1109h
112C  3E 92     MVI A,92h
112E  D3 23     OUT 23h
1130  CD 23 02  CALL 0223h
1133  3C        INR A
1134  C3 A9 11  JMP 11A9h
1137  21 F8 87  LXI H,87F8h
113A  36 FF     MVI M,FFh
113C  2C        INR L
113D  C2 3A 11  JNZ 113Ah
1140  3E 02     MVI A,02h
1142  CD 10 03  CALL 0310h
1145  CD 80 03  CALL 0380h
1148  21 F8 87  LXI H,87F8h
114B  36 FF     MVI M,FFh
114D  3E 01     MVI A,01h
114F  CD 00 03  CALL 0300h
1152  2C        INR L
1153  C2 4B 11  JNZ 114Bh
1156  C3 04 10  JMP 1004h
1159  16 39     MVI D,39h
115B  1E FE     MVI E,FEh
115D  2E 06     MVI L,06h
115F  26 69     MVI H,69h
1161  CD 80 0B  CALL 0B80h
1164  15        DCR D
1165  C2 5B 11  JNZ 115Bh
1168  DB 21     IN 21h
116A  FE 24     CPI 24h
116C  C2 04 10  JNZ 1004h
116F  C3 68 11  JMP 1168h
1172  01 28 0E  LXI B,0E28h
1175  CD 60 03  CALL 0360h
1178  0E 04     MVI C,04h
117A  21 00 06  LXI H,0600h
117D  E5        PUSH H
117E  CD E1 0C  CALL 0CE1h
1181  E1        POP H
1182  0E 05     MVI C,05h
1184  DA 7A 11  JC 117Ah
1187  2B        DCX H
1188  7C        MOV A,H
1189  B5        ORA L
118A  0E 06     MVI C,06h
118C  C2 7D 11  JNZ 117Dh
118F  01 A1 11  LXI B,11A1h
1192  CD 60 03  CALL 0360h
1195  DB 21     IN 21h
1197  E6 FC     ANI FCh
1199  FE 1C     CPI 1Ch
119B  C2 04 10  JNZ 1004h
119E  C3 95 11  JMP 1195h
11A1  39        DAD SP
11A2  77        MOV M,A
11A3  6D        MOV L,L
11A4  ED        DB EDh
11A5  00        NOP
11A6  00        NOP
11A7  84        ADD H
11A8  BF        CMP A
11A9  CA 00 10  JZ 1000h
11AC  3E 40     MVI A,40h
11AE  30        SIM
11AF  3E 01     MVI A,01h
11B1  CD 10 03  CALL 0310h
11B4  3E C0     MVI A,C0h
11B6  30        SIM
11B7  3E 01     MVI A,01h
11B9  CD 10 03  CALL 0310h
11BC  3E 40     MVI A,40h
11BE  30        SIM
11BF  3E 01     MVI A,01h
11C1  CD 00 03  CALL 0300h
11C4  C3 00 10  JMP 1000h
11C7  3E 80     MVI A,80h
11C9  D3 13     OUT 13h
11CB  97        SUB A
11CC  D3 10     OUT 10h
11CE  D3 11     OUT 11h
11D0  D3 12     OUT 12h
11D2  3E 02     MVI A,02h
11D4  CD 10 03  CALL 0310h
11D7  3E FF     MVI A,FFh
11D9  D3 10     OUT 10h
11DB  D3 11     OUT 11h
11DD  D3 12     OUT 12h
11DF  C3 09 11  JMP 1109h
11E2  3E FE     MVI A,FEh
11E4  30        SIM
11E5  CD 78 01  CALL 0178h
11E8  3E 7E     MVI A,7Eh
11EA  30        SIM
11EB  CD 78 01  CALL 0178h
11EE  C3 04 10  JMP 1004h
11F1  01 18 12  LXI B,1218h
11F4  CD 60 03  CALL 0360h
11F7  3E C0     MVI A,C0h
11F9  30        SIM
11FA  CD 78 01  CALL 0178h
11FD  20        RIM
11FE  E6 80     ANI 80h
1200  CA 04 10  JZ 1004h
1203  3E 40     MVI A,40h
1205  30        SIM
1206  CD DD 02  CALL 02DDh
1209  20        RIM
120A  E6 80     ANI 80h
120C  C2 04 10  JNZ 1004h
120F  CD 80 03  CALL 0380h
1212  CD 78 01  CALL 0178h
1215  C3 04 10  JMP 1004h
1218  3E 5B     MVI A,5Bh
121A  66        MOV H,M
121B  00        NOP
121C  73        MOV M,E
121D  19        DAD D
121E  54        MOV D,H
121F  5B        MOV E,E
1220  3E 9B     MVI A,9Bh
1222  D3 13     OUT 13h
1224  01 18 12  LXI B,1218h
1227  CD 60 03  CALL 0360h
122A  3E 6D     MVI A,6Dh
122C  32 FF 87  STA 87FFh
122F  3E FE     MVI A,FEh
1231  30        SIM
1232  DB 11     IN 11h
1234  E6 01     ANI 01h
1236  C2 04 10  JNZ 1004h
1239  CD 78 01  CALL 0178h
123C  3E 7E     MVI A,7Eh
123E  30        SIM
123F  DB 11     IN 11h
1241  E6 01     ANI 01h
1243  CA 04 10  JZ 1004h
1246  CD 80 03  CALL 0380h
1249  CD 78 01  CALL 0178h
124C  C3 04 10  JMP 1004h
124F  3E 91     MVI A,91h
1251  D3 13     OUT 13h
1253  CD 80 03  CALL 0380h
1256  3E FF     MVI A,FFh
1258  D3 11     OUT 11h
125A  CD 78 01  CALL 0178h
125D  AF        XRA A
125E  D3 11     OUT 11h
1260  CD 78 01  CALL 0178h
1263  C3 04 10  JMP 1004h
1266  3E 91     MVI A,91h
1268  D3 13     OUT 13h
126A  3E 10     MVI A,10h
126C  D3 12     OUT 12h
126E  CD 78 01  CALL 0178h
1271  AF        XRA A
1272  D3 12     OUT 12h
1274  CD 78 01  CALL 0178h
1277  C3 04 10  JMP 1004h
127A  3E 91     MVI A,91h
127C  D3 13     OUT 13h
127E  01 A5 12  LXI B,12A5h
1281  CD 60 03  CALL 0360h
1284  3E 10     MVI A,10h
1286  D3 12     OUT 12h
1288  DB 12     IN 12h
128A  E6 01     ANI 01h
128C  CA 04 10  JZ 1004h
128F  CD 78 01  CALL 0178h
1292  AF        XRA A
1293  D3 12     OUT 12h
1295  DB 12     IN 12h
1297  E6 01     ANI 01h
1299  C2 04 10  JNZ 1004h
129C  CD 80 03  CALL 0380h
129F  CD 78 01  CALL 0178h
12A2  C3 04 10  JMP 1004h
12A5  39        DAD SP
12A6  79        MOV A,C
12A7  D4 00 7C  CNC 7C00h
12AA  1C        INR E
12AB  6D        MOV L,L
12AC  6E        MOV L,M
12AD  21 C6 12  LXI H,12C6h
12B0  22 D1 87  SHLD 87D1h
12B3  21 A7 01  LXI H,01A7h
12B6  22 C8 87  SHLD 87C8h
12B9  01 A1 13  LXI B,13A1h
12BC  CD 60 03  CALL 0360h
12BF  3E 1B     MVI A,1Bh
12C1  30        SIM
12C2  FB        EI
12C3  C3 04 10  JMP 1004h
12C6  31 AC 87  LXI SP,87ACh
12C9  21 D5 13  LXI H,13D5h
12CC  22 AC 87  SHLD 87ACh
12CF  21 1F 14  LXI H,141Fh
12D2  22 AE 87  SHLD 87AEh
12D5  2A AE 87  LHLD 87AEh
12D8  EB        XCHG
12D9  2A AC 87  LHLD 87ACh
12DC  7E        MOV A,M
12DD  CD F9 12  CALL 12F9h
12E0  23        INX H
12E1  CD 30 0E  CALL 0E30h
12E4  DA EA 12  JC 12EAh
12E7  C3 DC 12  JMP 12DCh
12EA  01 BB 0E  LXI B,0EBBh
12ED  CD 60 03  CALL 0360h
12F0  3E 02     MVI A,02h
12F2  CD 10 03  CALL 0310h
12F5  F1        POP PSW
12F6  C3 04 10  JMP 1004h
12F9  D5        PUSH D
12FA  C5        PUSH B
12FB  F5        PUSH PSW
12FC  DB 21     IN 21h
12FE  E6 FC     ANI FCh
1300  FE 58     CPI 58h
1302  CA 32 13  JZ 1332h
1305  F1        POP PSW
1306  11 08 60  LXI D,6008h
1309  4F        MOV C,A
130A  AF        XRA A
130B  B2        ORA D
130C  30        SIM
130D  CD 9B 0E  CALL 0E9Bh
1310  79        MOV A,C
1311  0F        RRC
1312  4F        MOV C,A
1313  E6 80     ANI 80h
1315  B2        ORA D
1316  30        SIM
1317  CD 9B 0E  CALL 0E9Bh
131A  1D        DCR E
131B  C2 10 13  JNZ 1310h
131E  7A        MOV A,D
131F  F6 80     ORI 80h
1321  30        SIM
1322  CD A9 0E  CALL 0EA9h
1325  DB 21     IN 21h
1327  FE 54     CPI 54h
1329  C2 2F 13  JNZ 132Fh
132C  CD 58 0F  CALL 0F58h
132F  C1        POP B
1330  D1        POP D
1331  C9        RET
1332  3E 91     MVI A,91h
1334  00        NOP
1335  00        NOP
1336  D3 12     OUT 12h
1338  F1        POP PSW
1339  D3 11     OUT 11h
133B  97        SUB A
133C  D3 12     OUT 12h
133E  3E 10     MVI A,10h
1340  D3 12     OUT 12h
1342  E5        PUSH H
1343  26 05     MVI H,05h
1345  01 FE FF  LXI B,FFFEh
1348  DB 12     IN 12h
134A  E6 01     ANI 01h
134C  CA 64 13  JZ 1364h
134F  0B        DCX B
1350  78        MOV A,B
1351  B1        ORA C
1352  C2 48 13  JNZ 1348h
1355  25        DCR H
1356  C2 45 13  JNZ 1345h
1359  01 27 0F  LXI B,0F27h
135C  CD 60 03  CALL 0360h
135F  3E 03     MVI A,03h
1361  CD 10 03  CALL 0310h
1364  E1        POP H
1365  C3 2F 13  JMP 132Fh
1368  21 C6 12  LXI H,12C6h
136B  22 D1 87  SHLD 87D1h
136E  21 D2 00  LXI H,00D2h
1371  22 C8 87  SHLD 87C8h
1374  01 A9 13  LXI B,13A9h
1377  C3 BC 12  JMP 12BCh
137A  21 C6 12  LXI H,12C6h
137D  22 D1 87  SHLD 87D1h
1380  21 67 00  LXI H,0067h
1383  22 C8 87  SHLD 87C8h
1386  01 B1 13  LXI B,13B1h
1389  C3 BC 12  JMP 12BCh
138C  21 C6 12  LXI H,12C6h
138F  22 D1 87  SHLD 87D1h
1392  21 32 00  LXI H,0032h
1395  22 C8 87  SHLD 87C8h
1398  01 B9 13  LXI B,13B9h
139B  C3 BC 12  JMP 12BCh
139E  C3 8C 13  JMP 138Ch
13A1  4F        MOV C,A
13A2  3F        CMC
13A3  3F        CMC
13A4  00        NOP
13A5  7C        MOV A,H
13A6  77        MOV M,A
13A7  1C        INR E
13A8  5E        MOV E,M
13A9  7D        MOV A,L
13AA  3F        CMC
13AB  3F        CMC
13AC  00        NOP
13AD  7C        MOV A,H
13AE  77        MOV M,A
13AF  1C        INR E
13B0  5E        MOV E,M
13B1  06 5B     MVI B,5Bh
13B3  3F        CMC
13B4  3F        CMC
13B5  7C        MOV A,H
13B6  77        MOV M,A
13B7  1C        INR E
13B8  5E        MOV E,M
13B9  5B        MOV E,E
13BA  66        MOV H,M
13BB  3F        CMC
13BC  3F        CMC
13BD  7C        MOV A,H
13BE  77        MOV M,A
13BF  1C        INR E
13C0  5E        MOV E,M
13C1  21 C6 12  LXI H,12C6h
13C4  22 D1 87  SHLD 87D1h
13C7  01 CD 13  LXI B,13CDh
13CA  C3 BC 12  JMP 12BCh
13CD  39        DAD SP
13CE  79        MOV A,C
13CF  54        MOV D,H
13D0  78        MOV A,B
13D1  50        MOV D,B
13D2  5C        MOV E,H
13D3  D4 00 0A  CNC 0A00h
13D6  0D        DCR C
13D7  44        MOV B,H
13D8  49        MOV C,C
13D9  45        MOV B,L
13DA  53        MOV D,E
13DB  20        RIM
13DC  49        MOV C,C
13DD  53        MOV D,E
13DE  54        MOV D,H
13DF  20        RIM
13E0  45        MOV B,L
13E1  49        MOV C,C
13E2  4E        MOV C,M
13E3  20        RIM
13E4  54        MOV D,H
13E5  45        MOV B,L
13E6  53        MOV D,E
13E7  54        MOV D,H
13E8  41        MOV B,C
13E9  55        MOV D,L
13EA  53        MOV D,E
13EB  44        MOV B,H
13EC  52        MOV D,D
13ED  55        MOV D,L
13EE  43        MOV B,E
13EF  4B        MOV C,E
13F0  0A        LDAX B
13F1  0D        DCR C
13F2  0A        LDAX B
13F3  48        MOV C,B
13F4  45        MOV B,L
13F5  52        MOV D,D
13F6  5A        MOV E,D
13F7  4C        MOV C,H
13F8  49        MOV C,C
13F9  43        MOV B,E
13FA  48        MOV C,B
13FB  45        MOV B,L
13FC  4E        MOV C,M
13FD  20        RIM
13FE  47        MOV B,A
13FF  4C        MOV C,H
1400  55        MOV D,L
1401  45        MOV B,L
1402  43        MOV B,E
1403  4B        MOV C,E
1404  57        MOV D,A
1405  55        MOV D,L
1406  4E        MOV C,M
1407  53        MOV D,E
1408  43        MOV B,E
1409  48        MOV C,B
140A  0D        DCR C
140B  0A        LDAX B
140C  0A        LDAX B
140D  45        MOV B,L
140E  53        MOV D,E
140F  20        RIM
1410  46        MOV B,M
1411  55        MOV D,L
1412  4E        MOV C,M
1413  4B        MOV C,E
1414  54        MOV D,H
1415  49        MOV C,C
1416  4F        MOV C,A
1417  4E        MOV C,M
1418  49        MOV C,C
1419  45        MOV B,L
141A  52        MOV D,D
141B  54        MOV D,H
141C  21 0D 0A  LXI H,0A0Dh
141F  0A        LDAX B
1420  3E 91     MVI A,91h
1422  D3 13     OUT 13h
1424  D3 12     OUT 12h
1426  3E 82     MVI A,82h
1428  D3 23     OUT 23h
142A  C3 04 10  JMP 1004h
142D  FF        RST 7
142E  FF        RST 7
142F  FF        RST 7
1430  FF        RST 7
1431  FF        RST 7
1432  FF        RST 7
1433  FF        RST 7
1434  FF        RST 7
1435  FF        RST 7
1436  FF        RST 7
1437  FF        RST 7
1438  FF        RST 7
1439  FF        RST 7
143A  FF        RST 7
143B  FF        RST 7
143C  FF        RST 7
143D  FF        RST 7
143E  FF        RST 7
143F  FF        RST 7
1440  FF        RST 7
1441  FF        RST 7
1442  FF        RST 7
1443  FF        RST 7
1444  FF        RST 7
1445  FF        RST 7
1446  FF        RST 7
1447  FF        RST 7
1448  FF        RST 7
1449  FF        RST 7
144A  FF        RST 7
144B  FF        RST 7
144C  FF        RST 7
144D  FF        RST 7
144E  FF        RST 7
144F  FF        RST 7
1450  FF        RST 7
1451  FF        RST 7
1452  FF        RST 7
1453  FF        RST 7
1454  FF        RST 7
1455  FF        RST 7
1456  FF        RST 7
1457  FF        RST 7
1458  FF        RST 7
1459  FF        RST 7
145A  FF        RST 7
145B  FF        RST 7
145C  FF        RST 7
145D  FF        RST 7
145E  FF        RST 7
145F  FF        RST 7
1460  FF        RST 7
1461  FF        RST 7
1462  FF        RST 7
1463  FF        RST 7
1464  FF        RST 7
1465  FF        RST 7
1466  FF        RST 7
1467  FF        RST 7
1468  FF        RST 7
1469  FF        RST 7
146A  FF        RST 7
146B  FF        RST 7
146C  FF        RST 7
146D  FF        RST 7
146E  FF        RST 7
146F  FF        RST 7
1470  FF        RST 7
1471  FF        RST 7
1472  FF        RST 7
1473  FF        RST 7
1474  FF        RST 7
1475  FF        RST 7
1476  FF        RST 7
1477  FF        RST 7
1478  FF        RST 7
1479  FF        RST 7
147A  FF        RST 7
147B  FF        RST 7
147C  FF        RST 7
147D  FF        RST 7
147E  FF        RST 7
147F  FF        RST 7
1480  FF        RST 7
1481  FF        RST 7
1482  FF        RST 7
1483  FF        RST 7
1484  FF        RST 7
1485  FF        RST 7
1486  FF        RST 7
1487  FF        RST 7
1488  FF        RST 7
1489  FF        RST 7
148A  FF        RST 7
148B  FF        RST 7
148C  FF        RST 7
148D  FF        RST 7
148E  FF        RST 7
148F  FF        RST 7
1490  FF        RST 7
1491  FF        RST 7
1492  FF        RST 7
1493  FF        RST 7
1494  FF        RST 7
1495  FF        RST 7
1496  FF        RST 7
1497  FF        RST 7
1498  FF        RST 7
1499  FF        RST 7
149A  FF        RST 7
149B  FF        RST 7
149C  FF        RST 7
149D  FF        RST 7
149E  FF        RST 7
149F  FF        RST 7
14A0  FF        RST 7
14A1  FF        RST 7
14A2  FF        RST 7
14A3  FF        RST 7
14A4  FF        RST 7
14A5  FF        RST 7
14A6  FF        RST 7
14A7  FF        RST 7
14A8  FF        RST 7
14A9  FF        RST 7
14AA  FF        RST 7
14AB  FF        RST 7
14AC  FF        RST 7
14AD  FF        RST 7
14AE  FF        RST 7
14AF  FF        RST 7
14B0  FF        RST 7
14B1  FF        RST 7
14B2  FF        RST 7
14B3  FF        RST 7
14B4  FF        RST 7
14B5  FF        RST 7
14B6  FF        RST 7
14B7  FF        RST 7
14B8  FF        RST 7
14B9  FF        RST 7
14BA  FF        RST 7
14BB  FF        RST 7
14BC  FF        RST 7
14BD  FF        RST 7
14BE  FF        RST 7
14BF  FF        RST 7
14C0  FF        RST 7
14C1  FF        RST 7
14C2  FF        RST 7
14C3  FF        RST 7
14C4  FF        RST 7
14C5  FF        RST 7
14C6  FF        RST 7
14C7  FF        RST 7
14C8  FF        RST 7
14C9  FF        RST 7
14CA  FF        RST 7
14CB  FF        RST 7
14CC  FF        RST 7
14CD  FF        RST 7
14CE  FF        RST 7
14CF  FF        RST 7
14D0  FF        RST 7
14D1  FF        RST 7
14D2  FF        RST 7
14D3  FF        RST 7
14D4  FF        RST 7
14D5  FF        RST 7
14D6  FF        RST 7
14D7  FF        RST 7
14D8  FF        RST 7
14D9  FF        RST 7
14DA  FF        RST 7
14DB  FF        RST 7
14DC  FF        RST 7
14DD  FF        RST 7
14DE  FF        RST 7
14DF  FF        RST 7
14E0  FF        RST 7
14E1  FF        RST 7
14E2  FF        RST 7
14E3  FF        RST 7
14E4  FF        RST 7
14E5  FF        RST 7
14E6  FF        RST 7
14E7  FF        RST 7
14E8  FF        RST 7
14E9  FF        RST 7
14EA  FF        RST 7
14EB  FF        RST 7
14EC  FF        RST 7
14ED  FF        RST 7
14EE  FF        RST 7
14EF  FF        RST 7
14F0  FF        RST 7
14F1  FF        RST 7
14F2  FF        RST 7
14F3  FF        RST 7
14F4  FF        RST 7
14F5  FF        RST 7
14F6  FF        RST 7
14F7  FF        RST 7
14F8  FF        RST 7
14F9  FF        RST 7
14FA  FF        RST 7
14FB  FF        RST 7
14FC  FF        RST 7
14FD  FF        RST 7
14FE  FF        RST 7
14FF  FF        RST 7
1500  FF        RST 7
1501  FF        RST 7
1502  FF        RST 7
1503  FF        RST 7
1504  FF        RST 7
1505  FF        RST 7
1506  FF        RST 7
1507  FF        RST 7
1508  FF        RST 7
1509  FF        RST 7
150A  FF        RST 7
150B  FF        RST 7
150C  FF        RST 7
150D  FF        RST 7
150E  FF        RST 7
150F  FF        RST 7
1510  21 52 15  LXI H,1552h
1513  22 D1 87  SHLD 87D1h
1516  3E 1B     MVI A,1Bh
1518  30        SIM
1519  01 9D 15  LXI B,159Dh
151C  CD 60 03  CALL 0360h
151F  3E 02     MVI A,02h
1521  CD 10 03  CALL 0310h
1524  01 96 15  LXI B,1596h
1527  CD 60 03  CALL 0360h
152A  3E 01     MVI A,01h
152C  CD 10 03  CALL 0310h
152F  CD 80 03  CALL 0380h
1532  21 F8 87  LXI H,87F8h
1535  06 00     MVI B,00h
1537  3E 01     MVI A,01h
1539  F3        DI
153A  77        MOV M,A
153B  04        INR B
153C  CD DD 02  CALL 02DDh
153F  FB        EI
1540  07        RLC
1541  FE 80     CPI 80h
1543  C2 39 15  JNZ 1539h
1546  23        INX H
1547  4F        MOV C,A
1548  7D        MOV A,L
1549  FE 00     CPI 00h
154B  79        MOV A,C
154C  CA 10 15  JZ 1510h
154F  C3 37 15  JMP 1537h
1552  3E 1F     MVI A,1Fh
1554  30        SIM
1555  0E 45     MVI C,45h
1557  97        SUB A
1558  21 00 00  LXI H,0000h
155B  05        DCR B
155C  FA 6E 15  JM 156Eh
155F  81        ADD C
1560  27        DAA
1561  67        MOV H,A
1562  D2 6A 15  JNC 156Ah
1565  7D        MOV A,L
1566  C6 01     ADI 01h
1568  27        DAA
1569  6F        MOV L,A
156A  7C        MOV A,H
156B  C3 5B 15  JMP 155Bh
156E  22 F4 87  SHLD 87F4h
1571  3E F0     MVI A,F0h
1573  32 D9 87  STA 87D9h
1576  CD C0 01  CALL 01C0h
1579  3A FA 87  LDA 87FAh
157C  F6 80     ORI 80h
157E  32 FA 87  STA 87FAh
1581  21 37 6D  LXI H,6D37h
1584  22 FC 87  SHLD 87FCh
1587  21 79 39  LXI H,3979h
158A  22 FE 87  SHLD 87FEh
158D  3E 03     MVI A,03h
158F  CD 10 03  CALL 0310h
1592  F1        POP PSW
1593  C3 04 10  JMP 1004h
1596  77        MOV M,A
1597  39        DAD SP
1598  76        HLT
1599  78        MOV A,B
159A  1C        INR E
159B  54        MOV D,H
159C  3D        DCR A
159D  00        NOP
159E  00        NOP
159F  6D        MOV L,L
15A0  78        MOV A,B
15A1  77        MOV M,A
15A2  50        MOV D,B
15A3  78        MOV A,B
15A4  00        NOP
15A5  FF        RST 7
15A6  FF        RST 7
15A7  FF        RST 7
15A8  FF        RST 7
15A9  FF        RST 7
15AA  FF        RST 7
15AB  FF        RST 7
15AC  FF        RST 7
15AD  FF        RST 7
15AE  FF        RST 7
15AF  FF        RST 7
15B0  21 E0 15  LXI H,15E0h
15B3  22 D1 87  SHLD 87D1h
15B6  3E 1B     MVI A,1Bh
15B8  30        SIM
15B9  FB        EI
15BA  01 9D 15  LXI B,159Dh
15BD  CD 60 03  CALL 0360h
15C0  21 01 80  LXI H,8001h
15C3  3E 01     MVI A,01h
15C5  32 09 80  STA 8009h
15C8  1E 06     MVI E,06h
15CA  36 00     MVI M,00h
15CC  23        INX H
15CD  1D        DCR E
15CE  C2 CA 15  JNZ 15CAh
15D1  16 01     MVI D,01h
15D3  7A        MOV A,D
15D4  C6 01     ADI 01h
15D6  27        DAA
15D7  57        MOV D,A
15D8  FE 50     CPI 50h
15DA  F2 D1 15  JP 15D1h
15DD  C3 D3 15  JMP 15D3h
15E0  3E 1F     MVI A,1Fh
15E2  30        SIM
15E3  CD 78 01  CALL 0178h
15E6  3A 09 80  LDA 8009h
15E9  FE 07     CPI 07h
15EB  C2 F2 15  JNZ 15F2h
15EE  F1        POP PSW
15EF  C3 04 10  JMP 1004h
15F2  C5        PUSH B
15F3  F5        PUSH PSW
15F4  E5        PUSH H
15F5  D5        PUSH D
15F6  7A        MOV A,D
15F7  FE 49     CPI 49h
15F9  D1        POP D
15FA  FA FF 15  JM 15FFh
15FD  16 01     MVI D,01h
15FF  D5        PUSH D
1600  7A        MOV A,D
1601  06 07     MVI B,07h
1603  1E 06     MVI E,06h
1605  21 01 80  LXI H,8001h
1608  BE        CMP M
1609  C2 0F 16  JNZ 160Fh
160C  C6 01     ADI 01h
160E  27        DAA
160F  23        INX H
1610  1D        DCR E
1611  C2 08 16  JNZ 1608h
1614  05        DCR B
1615  C2 03 16  JNZ 1603h
1618  32 F7 87  STA 87F7h
161B  57        MOV D,A
161C  26 80     MVI H,80h
161E  3A 09 80  LDA 8009h
1621  6F        MOV L,A
1622  72        MOV M,D
1623  F5        PUSH PSW
1624  07        RLC
1625  07        RLC
1626  07        RLC
1627  07        RLC
1628  32 F4 87  STA 87F4h
162B  F1        POP PSW
162C  3C        INR A
162D  32 09 80  STA 8009h
1630  3E 83     MVI A,83h
1632  32 D9 87  STA 87D9h
1635  CD C0 01  CALL 01C0h
1638  3A F8 87  LDA 87F8h
163B  F6 80     ORI 80h
163D  32 F8 87  STA 87F8h
1640  21 5B 77  LXI H,775Bh
1643  22 F9 87  SHLD 87F9h
1646  21 74 38  LXI H,3874h
1649  22 FB 87  SHLD 87FBh
164C  D1        POP D
164D  E1        POP H
164E  F1        POP PSW
164F  C1        POP B
1650  3E 1B     MVI A,1Bh
1652  30        SIM
1653  FB        EI
1654  C9        RET
1655  FF        RST 7
1656  FF        RST 7
1657  FF        RST 7
1658  FF        RST 7
1659  FF        RST 7
165A  FF        RST 7
165B  FF        RST 7
165C  FF        RST 7
165D  FF        RST 7
165E  FF        RST 7
165F  FF        RST 7
1660  21 7A 16  LXI H,167Ah
1663  22 D1 87  SHLD 87D1h
1666  3E 1B     MVI A,1Bh
1668  30        SIM
1669  01 9D 15  LXI B,159Dh
166C  CD 60 03  CALL 0360h
166F  F3        DI
1670  16 0F     MVI D,0Fh
1672  15        DCR D
1673  FA 6F 16  JM 166Fh
1676  FB        EI
1677  C3 72 16  JMP 1672h
167A  3E 1F     MVI A,1Fh
167C  30        SIM
167D  F3        DI
167E  7A        MOV A,D
167F  32 00 80  STA 8000h
1682  62        MOV H,D
1683  01 DB 16  LXI B,16DBh
1686  C5        PUSH B
1687  CD 16 02  CALL 0216h
168A  FE 10     CPI 10h
168C  F2 87 16  JP 1687h
168F  BC        CMP H
1690  C1        POP B
1691  C2 A1 16  JNZ 16A1h
1694  CD 60 03  CALL 0360h
1697  3E 03     MVI A,03h
1699  CD 10 03  CALL 0310h
169C  33        INX SP
169D  33        INX SP
169E  C3 60 16  JMP 1660h
16A1  CD F3 16  CALL 16F3h
16A4  01 E3 16  LXI B,16E3h
16A7  C5        PUSH B
16A8  CD 16 02  CALL 0216h
16AB  FE 10     CPI 10h
16AD  F2 A8 16  JP 16A8h
16B0  BC        CMP H
16B1  C1        POP B
16B2  CA 94 16  JZ 1694h
16B5  CD F3 16  CALL 16F3h
16B8  01 EB 16  LXI B,16EBh
16BB  C5        PUSH B
16BC  CD 16 02  CALL 0216h
16BF  FE 10     CPI 10h
16C1  F2 BC 16  JP 16BCh
16C4  BC        CMP H
16C5  C1        POP B
16C6  CA 94 16  JZ 1694h
16C9  CD F3 16  CALL 16F3h
16CC  7C        MOV A,H
16CD  32 F4 87  STA 87F4h
16D0  3E 40     MVI A,40h
16D2  32 D9 87  STA 87D9h
16D5  CD C0 01  CALL 01C0h
16D8  C3 97 16  JMP 1697h
16DB  00        NOP
16DC  00        NOP
16DD  6D        MOV L,L
16DE  1C        INR E
16DF  73        MOV M,E
16E0  79        MOV A,C
16E1  50        MOV D,B
16E2  00        NOP
16E3  00        NOP
16E4  00        NOP
16E5  7C        MOV A,H
16E6  50        MOV D,B
16E7  77        MOV M,A
16E8  1C        INR E
16E9  5C        MOV E,H
16EA  00        NOP
16EB  00        NOP
16EC  00        NOP
16ED  00        NOP
16EE  3D        DCR A
16EF  1C        INR E
16F0  78        MOV A,B
16F1  00        NOP
16F2  00        NOP
16F3  01 02 17  LXI B,1702h
16F6  CD 60 03  CALL 0360h
16F9  3E 01     MVI A,01h
16FB  CD 10 03  CALL 0310h
16FE  CD 80 03  CALL 0380h
1701  C9        RET
1702  00        NOP
1703  38        DB 38h
1704  79        MOV A,C
1705  19        DAD D
1706  5E        MOV E,M
1707  79        MOV A,C
1708  50        MOV D,B
1709  00        NOP
170A  FF        RST 7
170B  FF        RST 7
170C  FF        RST 7
170D  FF        RST 7
170E  FF        RST 7
170F  FF        RST 7
1710  F5        PUSH PSW
1711  D5        PUSH D
1712  C5        PUSH B
1713  E5        PUSH H
1714  21 00 00  LXI H,0000h
1717  22 EC 87  SHLD 87ECh
171A  3E 00     MVI A,00h
171C  32 D9 87  STA 87D9h
171F  CD A1 01  CALL 01A1h
1722  E1        POP H
1723  C1        POP B
1724  CD CC 07  CALL 07CCh
1727  C5        PUSH B
1728  E5        PUSH H
1729  CD 16 02  CALL 0216h
172C  FE 15     CPI 15h
172E  CA 52 17  JZ 1752h
1731  57        MOV D,A
1732  D6 0A     SUI 0Ah
1734  D2 29 17  JNC 1729h
1737  7A        MOV A,D
1738  2A EC 87  LHLD 87ECh
173B  29        DAD H
173C  29        DAD H
173D  29        DAD H
173E  29        DAD H
173F  B5        ORA L
1740  6F        MOV L,A
1741  22 EC 87  SHLD 87ECh
1744  3A D9 87  LDA 87D9h
1747  37        STC
1748  17        RAL
1749  E1        POP H
174A  A4        ANA H
174B  E5        PUSH H
174C  32 D9 87  STA 87D9h
174F  C3 1F 17  JMP 171Fh
1752  E1        POP H
1753  2A EC 87  LHLD 87ECh
1756  C1        POP B
1757  D1        POP D
1758  F1        POP PSW
1759  C9        RET
175A  06 40     MVI B,40h
175C  78        MOV A,B
175D  77        MOV M,A
175E  6D        MOV L,L
175F  78        MOV A,B
1760  79        MOV A,C
1761  00        NOP
1762  6D        MOV L,L
1763  58        MOV E,B
1764  74        MOV M,H
1765  D0        RNC
1766  00        NOP
1767  00        NOP
1768  00        NOP
1769  00        NOP
176A  CD 80 03  CALL 0380h
176D  3E 12     MVI A,12h
176F  CD 00 03  CALL 0300h
1772  31 90 87  LXI SP,8790h
1775  3E C3     MVI A,C3h
1777  32 D0 87  STA 87D0h
177A  21 A0 17  LXI H,17A0h
177D  22 D1 87  SHLD 87D1h
1780  3E 1B     MVI A,1Bh
1782  30        SIM
1783  21 34 12  LXI H,1234h
1786  01 5A 17  LXI B,175Ah
1789  CD 60 03  CALL 0360h
178C  11 00 05  LXI D,0500h
178F  1A        LDAX D
1790  E6 77     ANI 77h
1792  F3        DI
1793  85        ADD L
1794  27        DAA
1795  6F        MOV L,A
1796  7C        MOV A,H
1797  CE 00     ACI 00h
1799  27        DAA
179A  67        MOV H,A
179B  FB        EI
179C  1C        INR E
179D  C3 8F 17  JMP 178Fh
17A0  31 90 87  LXI SP,8790h
17A3  3E 12     MVI A,12h
17A5  CD 00 03  CALL 0300h
17A8  3E 10     MVI A,10h
17AA  30        SIM
17AB  7C        MOV A,H
17AC  B5        ORA L
17AD  00        NOP
17AE  C2 B8 17  JNZ 17B8h
17B1  1A        LDAX D
17B2  E6 77     ANI 77h
17B4  6F        MOV L,A
17B5  C3 AB 17  JMP 17ABh
17B8  22 52 87  SHLD 8752h
17BB  01 62 17  LXI B,1762h
17BE  26 03     MVI H,03h
17C0  CD 10 17  CALL 1710h
17C3  26 00     MVI H,00h
17C5  22 50 87  SHLD 8750h
17C8  21 6C 18  LXI H,186Ch
17CB  22 D1 87  SHLD 87D1h
17CE  3E 1B     MVI A,1Bh
17D0  30        SIM
17D1  FB        EI
17D2  2A 50 87  LHLD 8750h
17D5  7C        MOV A,H
17D6  C6 01     ADI 01h
17D8  27        DAA
17D9  67        MOV H,A
17DA  22 50 87  SHLD 8750h
17DD  47        MOV B,A
17DE  E6 0F     ANI 0Fh
17E0  21 CC 02  LXI H,02CCh
17E3  85        ADD L
17E4  6F        MOV L,A
17E5  7E        MOV A,M
17E6  F6 80     ORI 80h
17E8  57        MOV D,A
17E9  1E 00     MVI E,00h
17EB  78        MOV A,B
17EC  0F        RRC
17ED  0F        RRC
17EE  0F        RRC
17EF  0F        RRC
17F0  E6 0F     ANI 0Fh
17F2  CA FB 17  JZ 17FBh
17F5  21 CC 02  LXI H,02CCh
17F8  85        ADD L
17F9  6F        MOV L,A
17FA  5E        MOV E,M
17FB  EB        XCHG
17FC  22 54 87  SHLD 8754h
17FF  21 79 00  LXI H,0079h
1802  22 56 87  SHLD 8756h
1805  21 00 00  LXI H,0000h
1808  22 58 87  SHLD 8758h
180B  22 5A 87  SHLD 875Ah
180E  26 0F     MVI H,0Fh
1810  01 54 87  LXI B,8754h
1813  CD 10 17  CALL 1710h
1816  EB        XCHG
1817  2A 52 87  LHLD 8752h
181A  CD FA 06  CALL 06FAh
181D  CA 77 18  JZ 1877h
1820  CD BF 06  CALL 06BFh
1823  01 97 18  LXI B,1897h
1826  D2 2C 18  JNC 182Ch
1829  01 9F 18  LXI B,189Fh
182C  2A 50 87  LHLD 8750h
182F  7C        MOV A,H
1830  BD        CMP L
1831  CA 42 18  JZ 1842h
1834  22 50 87  SHLD 8750h
1837  CD 60 03  CALL 0360h
183A  3E 22     MVI A,22h
183C  CD 00 03  CALL 0300h
183F  C3 D2 17  JMP 17D2h
1842  01 A7 18  LXI B,18A7h
1845  CD 60 03  CALL 0360h
1848  3E 30     MVI A,30h
184A  CD 00 03  CALL 0300h
184D  3E 0F     MVI A,0Fh
184F  32 D9 87  STA 87D9h
1852  2A 52 87  LHLD 8752h
1855  22 EC 87  SHLD 87ECh
1858  CD A1 01  CALL 01A1h
185B  01 AF 18  LXI B,18AFh
185E  CD CC 07  CALL 07CCh
1861  21 6A 17  LXI H,176Ah
1864  22 D1 87  SHLD 87D1h
1867  3E 10     MVI A,10h
1869  30        SIM
186A  FB        EI
186B  76        HLT
186C  3E 12     MVI A,12h
186E  CD 00 03  CALL 0300h
1871  31 90 87  LXI SP,8790h
1874  C3 4D 18  JMP 184Dh
1877  21 6A 17  LXI H,176Ah
187A  22 D1 87  SHLD 87D1h
187D  3E 10     MVI A,10h
187F  30        SIM
1880  FB        EI
1881  01 B7 18  LXI B,18B7h
1884  CD 60 03  CALL 0360h
1887  3E 05     MVI A,05h
1889  CD 00 03  CALL 0300h
188C  CD 80 03  CALL 0380h
188F  3E 05     MVI A,05h
1891  CD 00 03  CALL 0300h
1894  C3 81 18  JMP 1881h
1897  76        HLT
1898  3F        CMC
1899  79        MOV A,C
189A  76        HLT
189B  79        MOV A,C
189C  50        MOV D,B
189D  00        NOP
189E  00        NOP
189F  78        MOV A,B
18A0  06 79     MVI B,79h
18A2  71        MOV M,C
18A3  79        MOV A,C
18A4  50        MOV D,B
18A5  00        NOP
18A6  00        NOP
18A7  73        MOV M,E
18A8  79        MOV A,C
18A9  39        DAD SP
18AA  76        HLT
18AB  00        NOP
18AC  00        NOP
18AD  00        NOP
18AE  00        NOP
18AF  39        DAD SP
18B0  5C        MOV E,H
18B1  5E        MOV E,M
18B2  48        MOV C,B
18B3  00        NOP
18B4  00        NOP
18B5  00        NOP
18B6  00        NOP
18B7  6D        MOV L,L
18B8  3E 73     MVI A,73h
18BA  79        MOV A,C
18BB  50        MOV D,B
18BC  00        NOP
18BD  00        NOP
18BE  00        NOP
18BF  FF        RST 7
18C0  FF        RST 7
18C1  FF        RST 7
18C2  FF        RST 7
18C3  FF        RST 7
18C4  FF        RST 7
18C5  FF        RST 7
18C6  FF        RST 7
18C7  FF        RST 7
18C8  FF        RST 7
18C9  FF        RST 7
18CA  FF        RST 7
18CB  FF        RST 7
18CC  FF        RST 7
18CD  FF        RST 7
18CE  FF        RST 7
18CF  FF        RST 7
18D0  FF        RST 7
18D1  FF        RST 7
18D2  FF        RST 7
18D3  FF        RST 7
18D4  FF        RST 7
18D5  FF        RST 7
18D6  FF        RST 7
18D7  FF        RST 7
18D8  FF        RST 7
18D9  FF        RST 7
18DA  FF        RST 7
18DB  FF        RST 7
18DC  FF        RST 7
18DD  FF        RST 7
18DE  FF        RST 7
18DF  FF        RST 7
18E0  FF        RST 7
18E1  FF        RST 7
18E2  FF        RST 7
18E3  FF        RST 7
18E4  FF        RST 7
18E5  FF        RST 7
18E6  FF        RST 7
18E7  FF        RST 7
18E8  FF        RST 7
18E9  FF        RST 7
18EA  FF        RST 7
18EB  FF        RST 7
18EC  FF        RST 7
18ED  FF        RST 7
18EE  FF        RST 7
18EF  FF        RST 7
18F0  FF        RST 7
18F1  FF        RST 7
18F2  FF        RST 7
18F3  FF        RST 7
18F4  FF        RST 7
18F5  FF        RST 7
18F6  FF        RST 7
18F7  FF        RST 7
18F8  FF        RST 7
18F9  FF        RST 7
18FA  FF        RST 7
18FB  FF        RST 7
18FC  FF        RST 7
18FD  FF        RST 7
18FE  FF        RST 7
18FF  FF        RST 7
1900  FF        RST 7
1901  FF        RST 7
1902  FF        RST 7
1903  FF        RST 7
1904  FF        RST 7
1905  FF        RST 7
1906  FF        RST 7
1907  FF        RST 7
1908  FF        RST 7
1909  FF        RST 7
190A  FF        RST 7
190B  FF        RST 7
190C  FF        RST 7
190D  FF        RST 7
190E  FF        RST 7
190F  FF        RST 7
1910  FF        RST 7
1911  FF        RST 7
1912  FF        RST 7
1913  FF        RST 7
1914  FF        RST 7
1915  FF        RST 7
1916  FF        RST 7
1917  FF        RST 7
1918  FF        RST 7
1919  FF        RST 7
191A  FF        RST 7
191B  FF        RST 7
191C  FF        RST 7
191D  FF        RST 7
191E  FF        RST 7
191F  FF        RST 7
1920  FF        RST 7
1921  FF        RST 7
1922  FF        RST 7
1923  FF        RST 7
1924  FF        RST 7
1925  FF        RST 7
1926  FF        RST 7
1927  FF        RST 7
1928  FF        RST 7
1929  FF        RST 7
192A  FF        RST 7
192B  FF        RST 7
192C  FF        RST 7
192D  FF        RST 7
192E  FF        RST 7
192F  FF        RST 7
1930  FF        RST 7
1931  FF        RST 7
1932  FF        RST 7
1933  FF        RST 7
1934  FF        RST 7
1935  FF        RST 7
1936  FF        RST 7
1937  FF        RST 7
1938  FF        RST 7
1939  FF        RST 7
193A  FF        RST 7
193B  FF        RST 7
193C  FF        RST 7
193D  FF        RST 7
193E  FF        RST 7
193F  FF        RST 7
1940  FF        RST 7
1941  FF        RST 7
1942  FF        RST 7
1943  FF        RST 7
1944  FF        RST 7
1945  FF        RST 7
1946  FF        RST 7
1947  FF        RST 7
1948  FF        RST 7
1949  FF        RST 7
194A  FF        RST 7
194B  FF        RST 7
194C  FF        RST 7
194D  FF        RST 7
194E  FF        RST 7
194F  FF        RST 7
1950  FF        RST 7
1951  FF        RST 7
1952  FF        RST 7
1953  FF        RST 7
1954  FF        RST 7
1955  FF        RST 7
1956  FF        RST 7
1957  FF        RST 7
1958  FF        RST 7
1959  FF        RST 7
195A  FF        RST 7
195B  FF        RST 7
195C  FF        RST 7
195D  FF        RST 7
195E  FF        RST 7
195F  FF        RST 7
1960  FF        RST 7
1961  FF        RST 7
1962  FF        RST 7
1963  FF        RST 7
1964  FF        RST 7
1965  FF        RST 7
1966  FF        RST 7
1967  FF        RST 7
1968  FF        RST 7
1969  FF        RST 7
196A  FF        RST 7
196B  FF        RST 7
196C  FF        RST 7
196D  FF        RST 7
196E  FF        RST 7
196F  FF        RST 7
1970  FF        RST 7
1971  FF        RST 7
1972  FF        RST 7
1973  FF        RST 7
1974  FF        RST 7
1975  FF        RST 7
1976  FF        RST 7
1977  FF        RST 7
1978  FF        RST 7
1979  FF        RST 7
197A  FF        RST 7
197B  FF        RST 7
197C  FF        RST 7
197D  FF        RST 7
197E  FF        RST 7
197F  FF        RST 7
1980  FF        RST 7
1981  FF        RST 7
1982  FF        RST 7
1983  FF        RST 7
1984  FF        RST 7
1985  FF        RST 7
1986  FF        RST 7
1987  FF        RST 7
1988  FF        RST 7
1989  FF        RST 7
198A  FF        RST 7
198B  FF        RST 7
198C  FF        RST 7
198D  FF        RST 7
198E  FF        RST 7
198F  FF        RST 7
1990  FF        RST 7
1991  FF        RST 7
1992  FF        RST 7
1993  FF        RST 7
1994  FF        RST 7
1995  FF        RST 7
1996  FF        RST 7
1997  FF        RST 7
1998  FF        RST 7
1999  FF        RST 7
199A  FF        RST 7
199B  FF        RST 7
199C  FF        RST 7
199D  FF        RST 7
199E  FF        RST 7
199F  FF        RST 7
19A0  FF        RST 7
19A1  FF        RST 7
19A2  FF        RST 7
19A3  FF        RST 7
19A4  FF        RST 7
19A5  FF        RST 7
19A6  FF        RST 7
19A7  FF        RST 7
19A8  FF        RST 7
19A9  FF        RST 7
19AA  FF        RST 7
19AB  FF        RST 7
19AC  FF        RST 7
19AD  FF        RST 7
19AE  FF        RST 7
19AF  FF        RST 7
19B0  FF        RST 7
19B1  FF        RST 7
19B2  FF        RST 7
19B3  FF        RST 7
19B4  FF        RST 7
19B5  FF        RST 7
19B6  FF        RST 7
19B7  FF        RST 7
19B8  FF        RST 7
19B9  FF        RST 7
19BA  FF        RST 7
19BB  FF        RST 7
19BC  FF        RST 7
19BD  FF        RST 7
19BE  FF        RST 7
19BF  FF        RST 7
19C0  FF        RST 7
19C1  FF        RST 7
19C2  FF        RST 7
19C3  FF        RST 7
19C4  FF        RST 7
19C5  FF        RST 7
19C6  FF        RST 7
19C7  FF        RST 7
19C8  FF        RST 7
19C9  FF        RST 7
19CA  FF        RST 7
19CB  FF        RST 7
19CC  FF        RST 7
19CD  FF        RST 7
19CE  FF        RST 7
19CF  FF        RST 7
19D0  FF        RST 7
19D1  FF        RST 7
19D2  FF        RST 7
19D3  FF        RST 7
19D4  FF        RST 7
19D5  FF        RST 7
19D6  FF        RST 7
19D7  FF        RST 7
19D8  FF        RST 7
19D9  FF        RST 7
19DA  FF        RST 7
19DB  FF        RST 7
19DC  FF        RST 7
19DD  FF        RST 7
19DE  FF        RST 7
19DF  FF        RST 7
19E0  FF        RST 7
19E1  FF        RST 7
19E2  FF        RST 7
19E3  FF        RST 7
19E4  FF        RST 7
19E5  FF        RST 7
19E6  FF        RST 7
19E7  FF        RST 7
19E8  FF        RST 7
19E9  FF        RST 7
19EA  FF        RST 7
19EB  FF        RST 7
19EC  FF        RST 7
19ED  FF        RST 7
19EE  FF        RST 7
19EF  FF        RST 7
19F0  FF        RST 7
19F1  FF        RST 7
19F2  FF        RST 7
19F3  FF        RST 7
19F4  FF        RST 7
19F5  FF        RST 7
19F6  FF        RST 7
19F7  FF        RST 7
19F8  FF        RST 7
19F9  FF        RST 7
19FA  FF        RST 7
19FB  FF        RST 7
19FC  FF        RST 7
19FD  FF        RST 7
19FE  FF        RST 7
19FF  FF        RST 7
1A00  FF        RST 7
1A01  FF        RST 7
1A02  FF        RST 7
1A03  FF        RST 7
1A04  FF        RST 7
1A05  FF        RST 7
1A06  FF        RST 7
1A07  FF        RST 7
1A08  FF        RST 7
1A09  FF        RST 7
1A0A  FF        RST 7
1A0B  FF        RST 7
1A0C  FF        RST 7
1A0D  FF        RST 7
1A0E  FF        RST 7
1A0F  FF        RST 7
1A10  FF        RST 7
1A11  FF        RST 7
1A12  FF        RST 7
1A13  FF        RST 7
1A14  FF        RST 7
1A15  FF        RST 7
1A16  FF        RST 7
1A17  FF        RST 7
1A18  FF        RST 7
1A19  FF        RST 7
1A1A  FF        RST 7
1A1B  FF        RST 7
1A1C  FF        RST 7
1A1D  FF        RST 7
1A1E  FF        RST 7
1A1F  FF        RST 7
1A20  FF        RST 7
1A21  FF        RST 7
1A22  FF        RST 7
1A23  FF        RST 7
1A24  FF        RST 7
1A25  FF        RST 7
1A26  FF        RST 7
1A27  FF        RST 7
1A28  FF        RST 7
1A29  FF        RST 7
1A2A  FF        RST 7
1A2B  FF        RST 7
1A2C  FF        RST 7
1A2D  FF        RST 7
1A2E  FF        RST 7
1A2F  FF        RST 7
1A30  FF        RST 7
1A31  FF        RST 7
1A32  FF        RST 7
1A33  FF        RST 7
1A34  FF        RST 7
1A35  FF        RST 7
1A36  FF        RST 7
1A37  FF        RST 7
1A38  FF        RST 7
1A39  FF        RST 7
1A3A  FF        RST 7
1A3B  FF        RST 7
1A3C  FF        RST 7
1A3D  FF        RST 7
1A3E  FF        RST 7
1A3F  FF        RST 7
1A40  FF        RST 7
1A41  FF        RST 7
1A42  FF        RST 7
1A43  FF        RST 7
1A44  FF        RST 7
1A45  FF        RST 7
1A46  FF        RST 7
1A47  FF        RST 7
1A48  FF        RST 7
1A49  FF        RST 7
1A4A  FF        RST 7
1A4B  FF        RST 7
1A4C  FF        RST 7
1A4D  FF        RST 7
1A4E  FF        RST 7
1A4F  FF        RST 7
1A50  FF        RST 7
1A51  FF        RST 7
1A52  FF        RST 7
1A53  FF        RST 7
1A54  FF        RST 7
1A55  FF        RST 7
1A56  FF        RST 7
1A57  FF        RST 7
1A58  FF        RST 7
1A59  FF        RST 7
1A5A  FF        RST 7
1A5B  FF        RST 7
1A5C  FF        RST 7
1A5D  FF        RST 7
1A5E  FF        RST 7
1A5F  FF        RST 7
1A60  FF        RST 7
1A61  FF        RST 7
1A62  FF        RST 7
1A63  FF        RST 7
1A64  FF        RST 7
1A65  FF        RST 7
1A66  FF        RST 7
1A67  FF        RST 7
1A68  FF        RST 7
1A69  FF        RST 7
1A6A  FF        RST 7
1A6B  FF        RST 7
1A6C  FF        RST 7
1A6D  FF        RST 7
1A6E  FF        RST 7
1A6F  FF        RST 7
1A70  FF        RST 7
1A71  FF        RST 7
1A72  FF        RST 7
1A73  FF        RST 7
1A74  FF        RST 7
1A75  FF        RST 7
1A76  FF        RST 7
1A77  FF        RST 7
1A78  FF        RST 7
1A79  FF        RST 7
1A7A  FF        RST 7
1A7B  FF        RST 7
1A7C  FF        RST 7
1A7D  FF        RST 7
1A7E  FF        RST 7
1A7F  FF        RST 7
1A80  FF        RST 7
1A81  FF        RST 7
1A82  FF        RST 7
1A83  FF        RST 7
1A84  FF        RST 7
1A85  FF        RST 7
1A86  FF        RST 7
1A87  FF        RST 7
1A88  FF        RST 7
1A89  FF        RST 7
1A8A  FF        RST 7
1A8B  FF        RST 7
1A8C  FF        RST 7
1A8D  FF        RST 7
1A8E  FF        RST 7
1A8F  FF        RST 7
1A90  FF        RST 7
1A91  FF        RST 7
1A92  FF        RST 7
1A93  FF        RST 7
1A94  FF        RST 7
1A95  FF        RST 7
1A96  FF        RST 7
1A97  FF        RST 7
1A98  FF        RST 7
1A99  FF        RST 7
1A9A  FF        RST 7
1A9B  FF        RST 7
1A9C  FF        RST 7
1A9D  FF        RST 7
1A9E  FF        RST 7
1A9F  FF        RST 7
1AA0  FF        RST 7
1AA1  FF        RST 7
1AA2  FF        RST 7
1AA3  FF        RST 7
1AA4  FF        RST 7
1AA5  FF        RST 7
1AA6  FF        RST 7
1AA7  FF        RST 7
1AA8  FF        RST 7
1AA9  FF        RST 7
1AAA  FF        RST 7
1AAB  FF        RST 7
1AAC  FF        RST 7
1AAD  FF        RST 7
1AAE  FF        RST 7
1AAF  FF        RST 7
1AB0  FF        RST 7
1AB1  FF        RST 7
1AB2  FF        RST 7
1AB3  FF        RST 7
1AB4  FF        RST 7
1AB5  FF        RST 7
1AB6  FF        RST 7
1AB7  FF        RST 7
1AB8  FF        RST 7
1AB9  FF        RST 7
1ABA  FF        RST 7
1ABB  FF        RST 7
1ABC  FF        RST 7
1ABD  FF        RST 7
1ABE  FF        RST 7
1ABF  FF        RST 7
1AC0  FF        RST 7
1AC1  FF        RST 7
1AC2  FF        RST 7
1AC3  FF        RST 7
1AC4  FF        RST 7
1AC5  FF        RST 7
1AC6  FF        RST 7
1AC7  FF        RST 7
1AC8  FF        RST 7
1AC9  FF        RST 7
1ACA  FF        RST 7
1ACB  FF        RST 7
1ACC  FF        RST 7
1ACD  FF        RST 7
1ACE  FF        RST 7
1ACF  FF        RST 7
1AD0  FF        RST 7
1AD1  FF        RST 7
1AD2  FF        RST 7
1AD3  FF        RST 7
1AD4  FF        RST 7
1AD5  FF        RST 7
1AD6  FF        RST 7
1AD7  FF        RST 7
1AD8  FF        RST 7
1AD9  FF        RST 7
1ADA  FF        RST 7
1ADB  FF        RST 7
1ADC  FF        RST 7
1ADD  FF        RST 7
1ADE  FF        RST 7
1ADF  FF        RST 7
1AE0  FF        RST 7
1AE1  FF        RST 7
1AE2  FF        RST 7
1AE3  FF        RST 7
1AE4  FF        RST 7
1AE5  FF        RST 7
1AE6  FF        RST 7
1AE7  FF        RST 7
1AE8  FF        RST 7
1AE9  FF        RST 7
1AEA  FF        RST 7
1AEB  FF        RST 7
1AEC  FF        RST 7
1AED  FF        RST 7
1AEE  FF        RST 7
1AEF  FF        RST 7
1AF0  FF        RST 7
1AF1  FF        RST 7
1AF2  FF        RST 7
1AF3  FF        RST 7
1AF4  FF        RST 7
1AF5  FF        RST 7
1AF6  FF        RST 7
1AF7  FF        RST 7
1AF8  FF        RST 7
1AF9  FF        RST 7
1AFA  FF        RST 7
1AFB  FF        RST 7
1AFC  FF        RST 7
1AFD  FF        RST 7
1AFE  FF        RST 7
1AFF  FF        RST 7
1B00  FF        RST 7
1B01  FF        RST 7
1B02  FF        RST 7
1B03  FF        RST 7
1B04  FF        RST 7
1B05  FF        RST 7
1B06  FF        RST 7
1B07  FF        RST 7
1B08  FF        RST 7
1B09  FF        RST 7
1B0A  FF        RST 7
1B0B  FF        RST 7
1B0C  FF        RST 7
1B0D  FF        RST 7
1B0E  FF        RST 7
1B0F  FF        RST 7
1B10  FF        RST 7
1B11  FF        RST 7
1B12  FF        RST 7
1B13  FF        RST 7
1B14  FF        RST 7
1B15  FF        RST 7
1B16  FF        RST 7
1B17  FF        RST 7
1B18  FF        RST 7
1B19  FF        RST 7
1B1A  FF        RST 7
1B1B  FF        RST 7
1B1C  FF        RST 7
1B1D  FF        RST 7
1B1E  FF        RST 7
1B1F  FF        RST 7
1B20  FF        RST 7
1B21  FF        RST 7
1B22  FF        RST 7
1B23  FF        RST 7
1B24  FF        RST 7
1B25  FF        RST 7
1B26  FF        RST 7
1B27  FF        RST 7
1B28  FF        RST 7
1B29  FF        RST 7
1B2A  FF        RST 7
1B2B  FF        RST 7
1B2C  FF        RST 7
1B2D  FF        RST 7
1B2E  FF        RST 7
1B2F  FF        RST 7
1B30  FF        RST 7
1B31  FF        RST 7
1B32  FF        RST 7
1B33  FF        RST 7
1B34  FF        RST 7
1B35  FF        RST 7
1B36  FF        RST 7
1B37  FF        RST 7
1B38  FF        RST 7
1B39  FF        RST 7
1B3A  FF        RST 7
1B3B  FF        RST 7
1B3C  FF        RST 7
1B3D  FF        RST 7
1B3E  FF        RST 7
1B3F  FF        RST 7
1B40  FF        RST 7
1B41  FF        RST 7
1B42  FF        RST 7
1B43  FF        RST 7
1B44  FF        RST 7
1B45  FF        RST 7
1B46  FF        RST 7
1B47  FF        RST 7
1B48  FF        RST 7
1B49  FF        RST 7
1B4A  FF        RST 7
1B4B  FF        RST 7
1B4C  FF        RST 7
1B4D  FF        RST 7
1B4E  FF        RST 7
1B4F  FF        RST 7
1B50  FF        RST 7
1B51  FF        RST 7
1B52  FF        RST 7
1B53  FF        RST 7
1B54  FF        RST 7
1B55  FF        RST 7
1B56  FF        RST 7
1B57  FF        RST 7
1B58  FF        RST 7
1B59  FF        RST 7
1B5A  FF        RST 7
1B5B  FF        RST 7
1B5C  FF        RST 7
1B5D  FF        RST 7
1B5E  FF        RST 7
1B5F  FF        RST 7
1B60  FF        RST 7
1B61  FF        RST 7
1B62  FF        RST 7
1B63  FF        RST 7
1B64  FF        RST 7
1B65  FF        RST 7
1B66  FF        RST 7
1B67  FF        RST 7
1B68  FF        RST 7
1B69  FF        RST 7
1B6A  FF        RST 7
1B6B  FF        RST 7
1B6C  FF        RST 7
1B6D  FF        RST 7
1B6E  FF        RST 7
1B6F  FF        RST 7
1B70  FF        RST 7
1B71  FF        RST 7
1B72  FF        RST 7
1B73  FF        RST 7
1B74  FF        RST 7
1B75  FF        RST 7
1B76  FF        RST 7
1B77  FF        RST 7
1B78  FF        RST 7
1B79  FF        RST 7
1B7A  FF        RST 7
1B7B  FF        RST 7
1B7C  FF        RST 7
1B7D  FF        RST 7
1B7E  FF        RST 7
1B7F  FF        RST 7
1B80  FF        RST 7
1B81  FF        RST 7
1B82  FF        RST 7
1B83  FF        RST 7
1B84  FF        RST 7
1B85  FF        RST 7
1B86  FF        RST 7
1B87  FF        RST 7
1B88  FF        RST 7
1B89  FF        RST 7
1B8A  FF        RST 7
1B8B  FF        RST 7
1B8C  FF        RST 7
1B8D  FF        RST 7
1B8E  FF        RST 7
1B8F  FF        RST 7
1B90  FF        RST 7
1B91  FF        RST 7
1B92  FF        RST 7
1B93  FF        RST 7
1B94  FF        RST 7
1B95  FF        RST 7
1B96  FF        RST 7
1B97  FF        RST 7
1B98  FF        RST 7
1B99  FF        RST 7
1B9A  FF        RST 7
1B9B  FF        RST 7
1B9C  FF        RST 7
1B9D  FF        RST 7
1B9E  FF        RST 7
1B9F  FF        RST 7
1BA0  FF        RST 7
1BA1  FF        RST 7
1BA2  FF        RST 7
1BA3  FF        RST 7
1BA4  FF        RST 7
1BA5  FF        RST 7
1BA6  FF        RST 7
1BA7  FF        RST 7
1BA8  FF        RST 7
1BA9  FF        RST 7
1BAA  FF        RST 7
1BAB  FF        RST 7
1BAC  FF        RST 7
1BAD  FF        RST 7
1BAE  FF        RST 7
1BAF  FF        RST 7
1BB0  FF        RST 7
1BB1  FF        RST 7
1BB2  FF        RST 7
1BB3  FF        RST 7
1BB4  FF        RST 7
1BB5  FF        RST 7
1BB6  FF        RST 7
1BB7  FF        RST 7
1BB8  FF        RST 7
1BB9  FF        RST 7
1BBA  FF        RST 7
1BBB  FF        RST 7
1BBC  FF        RST 7
1BBD  FF        RST 7
1BBE  FF        RST 7
1BBF  FF        RST 7
1BC0  FF        RST 7
1BC1  FF        RST 7
1BC2  FF        RST 7
1BC3  FF        RST 7
1BC4  FF        RST 7
1BC5  FF        RST 7
1BC6  FF        RST 7
1BC7  FF        RST 7
1BC8  FF        RST 7
1BC9  FF        RST 7
1BCA  FF        RST 7
1BCB  FF        RST 7
1BCC  FF        RST 7
1BCD  FF        RST 7
1BCE  FF        RST 7
1BCF  FF        RST 7
1BD0  FF        RST 7
1BD1  FF        RST 7
1BD2  FF        RST 7
1BD3  FF        RST 7
1BD4  FF        RST 7
1BD5  FF        RST 7
1BD6  FF        RST 7
1BD7  FF        RST 7
1BD8  FF        RST 7
1BD9  FF        RST 7
1BDA  FF        RST 7
1BDB  FF        RST 7
1BDC  FF        RST 7
1BDD  FF        RST 7
1BDE  FF        RST 7
1BDF  FF        RST 7
1BE0  FF        RST 7
1BE1  FF        RST 7
1BE2  FF        RST 7
1BE3  FF        RST 7
1BE4  FF        RST 7
1BE5  FF        RST 7
1BE6  FF        RST 7
1BE7  FF        RST 7
1BE8  FF        RST 7
1BE9  FF        RST 7
1BEA  FF        RST 7
1BEB  FF        RST 7
1BEC  FF        RST 7
1BED  FF        RST 7
1BEE  FF        RST 7
1BEF  FF        RST 7
1BF0  FF        RST 7
1BF1  FF        RST 7
1BF2  FF        RST 7
1BF3  FF        RST 7
1BF4  FF        RST 7
1BF5  FF        RST 7
1BF6  FF        RST 7
1BF7  FF        RST 7
1BF8  FF        RST 7
1BF9  FF        RST 7
1BFA  FF        RST 7
1BFB  FF        RST 7
1BFC  FF        RST 7
1BFD  FF        RST 7
1BFE  FF        RST 7
1BFF  FF        RST 7
1C00  FF        RST 7
1C01  FF        RST 7
1C02  2A AC 87  LHLD 87ACh
1C05  E5        PUSH H
1C06  C1        POP B
1C07  2A AE 87  LHLD 87AEh
1C0A  16 02     MVI D,02h
1C0C  00        NOP
1C0D  00        NOP
1C0E  CD 81 1F  CALL 1F81h
1C11  D5        PUSH D
1C12  E5        PUSH H
1C13  00        NOP
1C14  00        NOP
1C15  00        NOP
1C16  00        NOP
1C17  00        NOP
1C18  00        NOP
1C19  00        NOP
1C1A  00        NOP
1C1B  00        NOP
1C1C  CD 24 1D  CALL 1D24h
1C1F  C5        PUSH B
1C20  01 20 20  LXI B,2020h
1C23  CD A7 06  CALL 06A7h
1C26  C1        POP B
1C27  16 07     MVI D,07h
1C29  21 C3 1D  LXI H,1DC3h
1C2C  0A        LDAX B
1C2D  AE        XRA M
1C2E  23        INX H
1C2F  A6        ANA M
1C30  23        INX H
1C31  CA 3E 1C  JZ 1C3Eh
1C34  97        SUB A
1C35  B6        ORA M
1C36  23        INX H
1C37  F2 34 1C  JP 1C34h
1C3A  23        INX H
1C3B  C3 2C 1C  JMP 1C2Ch
1C3E  7E        MOV A,M
1C3F  23        INX H
1C40  FE 80     CPI 80h
1C42  CA 54 1C  JZ 1C54h
1C45  F5        PUSH PSW
1C46  E6 7F     ANI 7Fh
1C48  CD C3 0E  CALL 0EC3h
1C4B  14        INR D
1C4C  F1        POP PSW
1C4D  17        RAL
1C4E  D2 3E 1C  JNC 1C3Eh
1C51  CD 43 1D  CALL 1D43h
1C54  7E        MOV A,M
1C55  87        ADD A
1C56  21 10 1F  LXI H,1F10h
1C59  85        ADD L
1C5A  6F        MOV L,A
1C5B  7E        MOV A,M
1C5C  23        INX H
1C5D  66        MOV H,M
1C5E  6F        MOV L,A
1C5F  0A        LDAX B
1C60  C5        PUSH B
1C61  E9        PCHL
1C62  C1        POP B
1C63  E1        POP H
1C64  CD C0 03  CALL 03C0h
1C67  D1        POP D
1C68  C3 8E 1F  JMP 1F8Eh
1C6B  00        NOP
1C6C  CD 8C 1D  CALL 1D8Ch
1C6F  CD 4B 1D  CALL 1D4Bh
1C72  1E 01     MVI E,01h
1C74  C1        POP B
1C75  0A        LDAX B
1C76  03        INX B
1C77  C5        PUSH B
1C78  CD 0D 1D  CALL 1D0Dh
1C7B  1D        DCR E
1C7C  CA 62 1C  JZ 1C62h
1C7F  3E 20     MVI A,20h
1C81  CD C3 0E  CALL 0EC3h
1C84  C3 74 1C  JMP 1C74h
1C87  CD 62 1D  CALL 1D62h
1C8A  CD 3A 1D  CALL 1D3Ah
1C8D  CD 5E 1D  CALL 1D5Eh
1C90  C3 6F 1C  JMP 1C6Fh
1C93  21 F5 1E  LXI H,1EF5h
1C96  CD 74 1D  CALL 1D74h
1C99  CD 3A 1D  CALL 1D3Ah
1C9C  CD 2F 1D  CALL 1D2Fh
1C9F  CD 4B 1D  CALL 1D4Bh
1CA2  1E 03     MVI E,03h
1CA4  C3 74 1C  JMP 1C74h
1CA7  21 F5 1E  LXI H,1EF5h
1CAA  CD 74 1D  CALL 1D74h
1CAD  C3 6F 1C  JMP 1C6Fh
1CB0  CD 62 1D  CALL 1D62h
1CB3  C3 6F 1C  JMP 1C6Fh
1CB6  0F        RRC
1CB7  0F        RRC
1CB8  0F        RRC
1CB9  E6 07     ANI 07h
1CBB  F6 30     ORI 30h
1CBD  CD C3 0E  CALL 0EC3h
1CC0  14        INR D
1CC1  C3 6F 1C  JMP 1C6Fh
1CC4  CD 62 1D  CALL 1D62h
1CC7  CD 3A 1D  CALL 1D3Ah
1CCA  CD 1C 1D  CALL 1D1Ch
1CCD  CD 4B 1D  CALL 1D4Bh
1CD0  1E 02     MVI E,02h
1CD2  C3 74 1C  JMP 1C74h
1CD5  21 C5 1E  LXI H,1EC5h
1CD8  CD A3 1D  CALL 1DA3h
1CDB  CD 43 1D  CALL 1D43h
1CDE  C3 CA 1C  JMP 1CCAh
1CE1  CD 8C 1D  CALL 1D8Ch
1CE4  CD 43 1D  CALL 1D43h
1CE7  C3 9C 1C  JMP 1C9Ch
1CEA  21 FA 1E  LXI H,1EFAh
1CED  C3 AA 1C  JMP 1CAAh
1CF0  21 AD 1E  LXI H,1EADh
1CF3  CD A3 1D  CALL 1DA3h
1CF6  CD 43 1D  CALL 1D43h
1CF9  C3 8D 1C  JMP 1C8Dh
1CFC  21 DD 1E  LXI H,1EDDh
1CFF  CD A3 1D  CALL 1DA3h
1D02  C3 6F 1C  JMP 1C6Fh
1D05  CD E3 05  CALL 05E3h
1D08  CD C3 0E  CALL 0EC3h
1D0B  14        INR D
1D0C  C9        RET
1D0D  F5        PUSH PSW
1D0E  0F        RRC
1D0F  0F        RRC
1D10  0F        RRC
1D11  0F        RRC
1D12  CD 05 1D  CALL 1D05h
1D15  F1        POP PSW
1D16  F5        PUSH PSW
1D17  CD 05 1D  CALL 1D05h
1D1A  F1        POP PSW
1D1B  C9        RET
1D1C  C5        PUSH B
1D1D  03        INX B
1D1E  0A        LDAX B
1D1F  CD 0D 1D  CALL 1D0Dh
1D22  C1        POP B
1D23  C9        RET
1D24  C5        PUSH B
1D25  78        MOV A,B
1D26  CD 0D 1D  CALL 1D0Dh
1D29  79        MOV A,C
1D2A  CD 0D 1D  CALL 1D0Dh
1D2D  C1        POP B
1D2E  C9        RET
1D2F  C5        PUSH B
1D30  03        INX B
1D31  CD 1C 1D  CALL 1D1Ch
1D34  0B        DCX B
1D35  CD 1C 1D  CALL 1D1Ch
1D38  C1        POP B
1D39  C9        RET
1D3A  F5        PUSH PSW
1D3B  3E 2C     MVI A,2Ch
1D3D  CD C3 0E  CALL 0EC3h
1D40  14        INR D
1D41  F1        POP PSW
1D42  C9        RET
1D43  F5        PUSH PSW
1D44  3E 0D     MVI A,0Dh
1D46  CD 51 1D  CALL 1D51h
1D49  F1        POP PSW
1D4A  C9        RET
1D4B  F5        PUSH PSW
1D4C  3E 16     MVI A,16h
1D4E  C3 46 1D  JMP 1D46h
1D51  F5        PUSH PSW
1D52  3E 20     MVI A,20h
1D54  CD C3 0E  CALL 0EC3h
1D57  14        INR D
1D58  F1        POP PSW
1D59  BA        CMP D
1D5A  C2 51 1D  JNZ 1D51h
1D5D  C9        RET
1D5E  F5        PUSH PSW
1D5F  C3 66 1D  JMP 1D66h
1D62  F5        PUSH PSW
1D63  0F        RRC
1D64  0F        RRC
1D65  0F        RRC
1D66  E6 07     ANI 07h
1D68  21 2E 1F  LXI H,1F2Eh
1D6B  85        ADD L
1D6C  6F        MOV L,A
1D6D  7E        MOV A,M
1D6E  CD C3 0E  CALL 0EC3h
1D71  14        INR D
1D72  F1        POP PSW
1D73  C9        RET
1D74  F5        PUSH PSW
1D75  0F        RRC
1D76  0F        RRC
1D77  0F        RRC
1D78  0F        RRC
1D79  E6 03     ANI 03h
1D7B  85        ADD L
1D7C  6F        MOV L,A
1D7D  7E        MOV A,M
1D7E  E6 7F     ANI 7Fh
1D80  CD C3 0E  CALL 0EC3h
1D83  14        INR D
1D84  97        SUB A
1D85  86        ADD M
1D86  23        INX H
1D87  F2 7D 1D  JP 1D7Dh
1D8A  F1        POP PSW
1D8B  C9        RET
1D8C  F5        PUSH PSW
1D8D  0F        RRC
1D8E  0F        RRC
1D8F  E6 0E     ANI 0Eh
1D91  21 00 1F  LXI H,1F00h
1D94  85        ADD L
1D95  6F        MOV L,A
1D96  7E        MOV A,M
1D97  CD C3 0E  CALL 0EC3h
1D9A  14        INR D
1D9B  23        INX H
1D9C  7E        MOV A,M
1D9D  CD C3 0E  CALL 0EC3h
1DA0  14        INR D
1DA1  F1        POP PSW
1DA2  C9        RET
1DA3  C5        PUSH B
1DA4  F5        PUSH PSW
1DA5  E6 38     ANI 38h
1DA7  0F        RRC
1DA8  0F        RRC
1DA9  4F        MOV C,A
1DAA  0F        RRC
1DAB  81        ADD C
1DAC  4F        MOV C,A
1DAD  06 00     MVI B,00h
1DAF  09        DAD B
1DB0  7E        MOV A,M
1DB1  E6 7F     ANI 7Fh
1DB3  CD C3 0E  CALL 0EC3h
1DB6  14        INR D
1DB7  97        SUB A
1DB8  86        ADD M
1DB9  23        INX H
1DBA  F2 B0 1D  JP 1DB0h
1DBD  F1        POP PSW
1DBE  C1        POP B
1DBF  C9        RET
1DC0  FF        RST 7
1DC1  FF        RST 7
1DC2  FF        RST 7
1DC3  00        NOP
1DC4  FF        RST 7
1DC5  4E        MOV C,M
1DC6  4F        MOV C,A
1DC7  D0        RNC
1DC8  00        NOP
1DC9  76        HLT
1DCA  FF        RST 7
1DCB  48        MOV C,B
1DCC  4C        MOV C,H
1DCD  D4 00 40  CNC 4000h
1DD0  C0        RNZ
1DD1  4D        MOV C,L
1DD2  4F        MOV C,A
1DD3  D6 01     SUI 01h
1DD5  01 CF 4C  LXI B,4CCFh
1DD8  58        MOV E,B
1DD9  C9        RET
1DDA  02        STAX B
1DDB  03        INX B
1DDC  CF        RST 1
1DDD  49        MOV C,C
1DDE  4E        MOV C,M
1DDF  D8        RC
1DE0  03        INX B
1DE1  0B        DCX B
1DE2  CF        RST 1
1DE3  44        MOV B,H
1DE4  43        MOV B,E
1DE5  D8        RC
1DE6  03        INX B
1DE7  09        DAD B
1DE8  CF        RST 1
1DE9  44        MOV B,H
1DEA  41        MOV B,C
1DEB  C4 03 04  CNZ 0403h
1DEE  C7        RST 0
1DEF  49        MOV C,C
1DF0  4E        MOV C,M
1DF1  D2 04 05  JNC 0504h
1DF4  C7        RST 0
1DF5  44        MOV B,H
1DF6  43        MOV B,E
1DF7  D2 04 06  JNC 0604h
1DFA  C7        RST 0
1DFB  4D        MOV C,L
1DFC  56        MOV D,M
1DFD  C9        RET
1DFE  05        DCR B
1DFF  02        STAX B
1E00  EF        RST 5
1E01  53        MOV D,E
1E02  54        MOV D,H
1E03  41        MOV B,C
1E04  D8        RC
1E05  03        INX B
1E06  0A        LDAX B
1E07  EF        RST 5
1E08  4C        MOV C,H
1E09  44        MOV B,H
1E0A  41        MOV B,C
1E0B  D8        RC
1E0C  03        INX B
1E0D  20        RIM
1E0E  FF        RST 7
1E0F  52        MOV D,D
1E10  49        MOV C,C
1E11  CD 00 22  CALL 2200h
1E14  FF        RST 7
1E15  53        MOV D,E
1E16  48        MOV C,B
1E17  4C        MOV C,H
1E18  C4 06 2A  CNZ 2A06h
1E1B  FF        RST 7
1E1C  4C        MOV C,H
1E1D  48        MOV C,B
1E1E  4C        MOV C,H
1E1F  C4 06 30  CNZ 3006h
1E22  FF        RST 7
1E23  53        MOV D,E
1E24  49        MOV C,C
1E25  CD 00 32  CALL 3200h
1E28  FF        RST 7
1E29  53        MOV D,E
1E2A  54        MOV D,H
1E2B  C1        POP B
1E2C  06 3A     MVI B,3Ah
1E2E  FF        RST 7
1E2F  4C        MOV C,H
1E30  44        MOV B,H
1E31  C1        POP B
1E32  06 C2     MVI B,C2h
1E34  C7        RST 0
1E35  4A        MOV C,D
1E36  80        ADD B
1E37  07        RLC
1E38  C4 C7 43  CNZ 43C7h
1E3B  80        ADD B
1E3C  07        RLC
1E3D  C0        RNZ
1E3E  C7        RST 0
1E3F  52        MOV D,D
1E40  80        ADD B
1E41  08        DB 08h
1E42  C7        RST 0
1E43  C7        RST 0
1E44  52        MOV D,D
1E45  53        MOV D,E
1E46  D4 09 C1  CNC C109h
1E49  CF        RST 1
1E4A  50        MOV D,B
1E4B  4F        MOV C,A
1E4C  D0        RNC
1E4D  0A        LDAX B
1E4E  C5        PUSH B
1E4F  CF        RST 1
1E50  50        MOV D,B
1E51  55        MOV D,L
1E52  53        MOV D,E
1E53  C8        RZ
1E54  0A        LDAX B
1E55  C3 FF 4A  JMP 4AFFh
1E58  4D        MOV C,L
1E59  D0        RNC
1E5A  06 CD     MVI B,CDh
1E5C  FF        RST 7
1E5D  43        MOV B,E
1E5E  41        MOV B,C
1E5F  4C        MOV C,H
1E60  CC 06 C9  CZ C906h
1E63  FF        RST 7
1E64  52        MOV D,D
1E65  45        MOV B,L
1E66  D4 00 D3  CNC D300h
1E69  FF        RST 7
1E6A  4F        MOV C,A
1E6B  55        MOV D,L
1E6C  D4 0B DB  CNC DB0Bh
1E6F  FF        RST 7
1E70  49        MOV C,C
1E71  CE 0B     ACI 0Bh
1E73  E3        XTHL
1E74  FF        RST 7
1E75  58        MOV E,B
1E76  54        MOV D,H
1E77  48        MOV C,B
1E78  CC 00 E9  CZ E900h
1E7B  FF        RST 7
1E7C  50        MOV D,B
1E7D  43        MOV B,E
1E7E  48        MOV C,B
1E7F  CC 00 F9  CZ F900h
1E82  FF        RST 7
1E83  53        MOV D,E
1E84  50        MOV D,B
1E85  48        MOV C,B
1E86  CC 00 EB  CZ EB00h
1E89  FF        RST 7
1E8A  58        MOV E,B
1E8B  43        MOV B,E
1E8C  48        MOV C,B
1E8D  C7        RST 0
1E8E  00        NOP
1E8F  F3        DI
1E90  FF        RST 7
1E91  44        MOV B,H
1E92  C9        RET
1E93  00        NOP
1E94  FB        EI
1E95  FF        RST 7
1E96  45        MOV B,L
1E97  C9        RET
1E98  00        NOP
1E99  80        ADD B
1E9A  C0        RNZ
1E9B  80        ADD B
1E9C  0C        INR C
1E9D  C6 C7     ADI C7h
1E9F  80        ADD B
1EA0  0D        DCR C
1EA1  07        RLC
1EA2  C7        RST 0
1EA3  80        ADD B
1EA4  0E 00     MVI C,00h
1EA6  00        NOP
1EA7  AA        XRA D
1EA8  00        NOP
1EA9  FF        RST 7
1EAA  FF        RST 7
1EAB  FF        RST 7
1EAC  FF        RST 7
1EAD  41        MOV B,C
1EAE  44        MOV B,H
1EAF  C4 41 44  CNZ 4441h
1EB2  C3 53 55  JMP 5553h
1EB5  C2 53 42  JNZ 4253h
1EB8  C2 41 4E  JNZ 4E41h
1EBB  C1        POP B
1EBC  58        MOV E,B
1EBD  52        MOV D,D
1EBE  C1        POP B
1EBF  4F        MOV C,A
1EC0  52        MOV D,D
1EC1  C1        POP B
1EC2  43        MOV B,E
1EC3  4D        MOV C,L
1EC4  D0        RNC
1EC5  41        MOV B,C
1EC6  44        MOV B,H
1EC7  C9        RET
1EC8  41        MOV B,C
1EC9  43        MOV B,E
1ECA  C9        RET
1ECB  53        MOV D,E
1ECC  55        MOV D,L
1ECD  C9        RET
1ECE  53        MOV D,E
1ECF  42        MOV B,D
1ED0  C9        RET
1ED1  41        MOV B,C
1ED2  4E        MOV C,M
1ED3  C9        RET
1ED4  58        MOV E,B
1ED5  52        MOV D,D
1ED6  C9        RET
1ED7  4F        MOV C,A
1ED8  52        MOV D,D
1ED9  C9        RET
1EDA  43        MOV B,E
1EDB  50        MOV D,B
1EDC  C9        RET
1EDD  52        MOV D,D
1EDE  4C        MOV C,H
1EDF  C3 52 52  JMP 5252h
1EE2  C3 52 41  JMP 4152h
1EE5  CC 52 41  CZ 4152h
1EE8  D2 44 41  JNC 4144h
1EEB  C1        POP B
1EEC  43        MOV B,E
1EED  4D        MOV C,L
1EEE  C1        POP B
1EEF  53        MOV D,E
1EF0  54        MOV D,H
1EF1  C3 43 4D  JMP 4D43h
1EF4  C3 C2 C4  JMP C4C2h
1EF7  C8        RZ
1EF8  53        MOV D,E
1EF9  D0        RNC
1EFA  C2 C4 C8  JNZ C8C4h
1EFD  50        MOV D,B
1EFE  53        MOV D,E
1EFF  D7        RST 2
1F00  4E        MOV C,M
1F01  5A        MOV E,D
1F02  5A        MOV E,D
1F03  20        RIM
1F04  4E        MOV C,M
1F05  43        MOV B,E
1F06  43        MOV B,E
1F07  20        RIM
1F08  50        MOV D,B
1F09  4F        MOV C,A
1F0A  50        MOV D,B
1F0B  45        MOV B,L
1F0C  50        MOV D,B
1F0D  20        RIM
1F0E  4D        MOV C,L
1F0F  20        RIM
1F10  6F        MOV L,A
1F11  1C        INR E
1F12  87        ADD A
1F13  1C        INR E
1F14  93        SUB E
1F15  1C        INR E
1F16  A7        ANA A
1F17  1C        INR E
1F18  B0        ORA B
1F19  1C        INR E
1F1A  C4 1C 9C  CNZ 9C1Ch
1F1D  1C        INR E
1F1E  E1        POP H
1F1F  1C        INR E
1F20  6C        MOV L,H
1F21  1C        INR E
1F22  B6        ORA M
1F23  1C        INR E
1F24  EA 1C CA  JPE CA1Ch
1F27  1C        INR E
1F28  F0        RP
1F29  1C        INR E
1F2A  D5        PUSH D
1F2B  1C        INR E
1F2C  FC 1C 42  CM 421Ch
1F2F  43        MOV B,E
1F30  44        MOV B,H
1F31  45        MOV B,L
1F32  48        MOV C,B
1F33  4C        MOV C,H
1F34  4D        MOV C,L
1F35  41        MOV B,C
1F36  FF        RST 7
1F37  FF        RST 7
1F38  FF        RST 7
1F39  FF        RST 7
1F3A  FF        RST 7
1F3B  FF        RST 7
1F3C  FF        RST 7
1F3D  FF        RST 7
1F3E  FF        RST 7
1F3F  FF        RST 7
1F40  CD 6B 05  CALL 056Bh
1F43  CD 80 03  CALL 0380h
1F46  21 60 1F  LXI H,1F60h
1F49  11 80 1F  LXI D,1F80h
1F4C  7E        MOV A,M
1F4D  CD C3 0E  CALL 0EC3h
1F50  23        INX H
1F51  CD 30 0E  CALL 0E30h
1F54  D2 4C 1F  JNC 1F4Ch
1F57  CD C7 06  CALL 06C7h
1F5A  C3 02 1C  JMP 1C02h
1F5D  FF        RST 7
1F5E  FF        RST 7
1F5F  FF        RST 7
1F60  0A        LDAX B
1F61  0D        DCR C
1F62  44        MOV B,H
1F63  49        MOV C,C
1F64  53        MOV D,E
1F65  41        MOV B,C
1F66  53        MOV D,E
1F67  53        MOV D,E
1F68  45        MOV B,L
1F69  4D        MOV C,L
1F6A  42        MOV B,D
1F6B  4C        MOV C,H
1F6C  45        MOV B,L
1F6D  52        MOV D,D
1F6E  0A        LDAX B
1F6F  0D        DCR C
1F70  53        MOV D,E
1F71  74        MOV M,H
1F72  61        MOV H,C
1F73  6E        MOV L,M
1F74  64        MOV H,H
1F75  3A 31 39  LDA 3931h
1F78  2E 36     MVI L,36h
1F7A  2E 31     MVI L,31h
1F7C  39        DAD SP
1F7D  38        DB 38h
1F7E  35        DCR M
1F7F  0A        LDAX B
1F80  0D        DCR C
1F81  14        INR D
1F82  7A        MOV A,D
1F83  FE 40     CPI 40h
1F85  C0        RNZ
1F86  16 00     MVI D,00h
1F88  3E 0C     MVI A,0Ch
1F8A  CD C3 0E  CALL 0EC3h
1F8D  C9        RET
1F8E  F5        PUSH PSW
1F8F  C5        PUSH B
1F90  01 0D 0A  LXI B,0A0Dh
1F93  CD A7 06  CALL 06A7h
1F96  C1        POP B
1F97  F1        POP PSW
1F98  D2 0E 1C  JNC 1C0Eh
1F9B  C3 B2 0E  JMP 0EB2h
1F9E  FF        RST 7
1F9F  FF        RST 7
1FA0  FF        RST 7
1FA1  FF        RST 7
1FA2  FF        RST 7
1FA3  FF        RST 7
1FA4  FF        RST 7
1FA5  FF        RST 7
1FA6  FF        RST 7
1FA7  FF        RST 7
1FA8  FF        RST 7
1FA9  FF        RST 7
1FAA  FF        RST 7
1FAB  FF        RST 7
1FAC  FF        RST 7
1FAD  FF        RST 7
1FAE  FF        RST 7
1FAF  FF        RST 7
1FB0  FF        RST 7
1FB1  FF        RST 7
1FB2  FF        RST 7
1FB3  FF        RST 7
1FB4  FF        RST 7
1FB5  FF        RST 7
1FB6  FF        RST 7
1FB7  FF        RST 7
1FB8  FF        RST 7
1FB9  FF        RST 7
1FBA  FF        RST 7
1FBB  FF        RST 7
1FBC  FF        RST 7
1FBD  FF        RST 7
1FBE  FF        RST 7
1FBF  FF        RST 7
1FC0  FF        RST 7
1FC1  FF        RST 7
1FC2  FF        RST 7
1FC3  FF        RST 7
1FC4  FF        RST 7
1FC5  FF        RST 7
1FC6  FF        RST 7
1FC7  FF        RST 7
1FC8  FF        RST 7
1FC9  FF        RST 7
1FCA  FF        RST 7
1FCB  FF        RST 7
1FCC  FF        RST 7
1FCD  FF        RST 7
1FCE  FF        RST 7
1FCF  FF        RST 7
1FD0  FF        RST 7
1FD1  FF        RST 7
1FD2  FF        RST 7
1FD3  FF        RST 7
1FD4  FF        RST 7
1FD5  FF        RST 7
1FD6  FF        RST 7
1FD7  FF        RST 7
1FD8  FF        RST 7
1FD9  FF        RST 7
1FDA  FF        RST 7
1FDB  FF        RST 7
1FDC  FF        RST 7
1FDD  FF        RST 7
1FDE  FF        RST 7
1FDF  FF        RST 7
1FE0  FF        RST 7
1FE1  FF        RST 7
1FE2  FF        RST 7
1FE3  FF        RST 7
1FE4  FF        RST 7
1FE5  FF        RST 7
1FE6  FF        RST 7
1FE7  FF        RST 7
1FE8  FF        RST 7
1FE9  FF        RST 7
1FEA  FF        RST 7
1FEB  FF        RST 7
1FEC  FF        RST 7
1FED  FF        RST 7
1FEE  FF        RST 7
1FEF  FF        RST 7
1FF0  FF        RST 7
1FF1  FF        RST 7
1FF2  FF        RST 7
1FF3  FF        RST 7
1FF4  FF        RST 7
1FF5  FF        RST 7
1FF6  FF        RST 7
1FF7  FF        RST 7
1FF8  FF        RST 7
1FF9  FF        RST 7
1FFA  FF        RST 7
1FFB  FF        RST 7
1FFC  FF        RST 7
1FFD  FF        RST 7
1FFE  3E FF     MVI A,FFh
